"","half_of_time_with_data","uses_biodiversity_data","produces_biodiversity_data","manages_biodiversity_data","EOVs","EBVs","emodnet","obis","gbif","national_repos","project_repos","geological","biological","socioeconomic","acoustic","fishery","satellite","pollution","physical","chemical","numeric","visual","reporting","spatial_planning","eia","conservation","policy_eval","policymaking","scientific_research","communication","education","decision_making","protected_area_mgmt","indicator_dev","product_dev","maps","scenarios","models","graphs","tools_integrate_data","other","access","data_gettinghold","technical","data_timing","data_cost","data_consistency","lack_metadata","data_interoperable","data_interpretation","affiliation","area_of_work","region","ecosystem","marine_ecosystem","freshwater_ecosystem","coastal_ecosystem","encourage_data_use","data_literacy_binary"
"1",1,2,1,1,1,1,1,1,1,1,1,1,2,1,1,2,1,1,1,1,2,1,1,1,1,1,1,1,2,1,1,1,1,1,1,2,2,2,1,1,1,1,2,1,1,1,1,1,1,1,"University","Academia, research and education","Western Europe","Marine",1,0,0,0,1
"2",1,1,1,2,2,2,1,1,1,1,1,1,2,1,1,1,1,1,2,1,2,1,1,1,1,1,1,1,1,2,1,1,1,1,1,2,1,1,2,1,1,1,1,1,2,1,1,1,1,2,"Other","Public engagement","Western Europe","Marine,Coastal,Freshwater,Terrestrial",1,1,1,1,0
"3",1,2,1,1,2,2,1,1,1,2,2,2,2,1,1,1,1,1,2,2,2,1,1,1,1,1,1,1,2,1,1,2,1,1,1,1,1,2,1,2,1,2,2,2,1,1,2,2,2,2,"Nongovernmental organization (NGO)","Academia, research and education","Western Europe","Marine,Coastal",1,0,1,0,0
"4",2,2,1,1,2,1,1,2,2,2,1,1,2,1,1,1,1,1,2,1,2,1,1,1,1,1,1,1,2,1,2,1,1,1,1,2,1,1,2,1,1,2,2,1,1,1,2,2,2,2,"University","Academia, research and education","Northern America","Marine,Coastal,Freshwater",1,1,1,0,1
"5",2,2,2,2,2,2,1,2,2,2,1,2,2,2,2,2,2,2,2,2,2,2,1,1,1,1,1,1,2,2,2,1,1,2,2,2,2,2,2,2,2,2,2,2,2,2,2,2,2,2,"University","Academia, research and education","Northern America","Marine,Coastal,Freshwater,Terrestrial",1,1,1,0,0
"6",1,1,1,2,2,2,2,1,1,1,1,1,2,1,1,1,2,1,2,1,1,1,1,1,1,1,1,1,2,1,1,1,1,2,2,1,2,2,1,1,1,2,1,1,1,1,2,2,1,1,"Business and Industry","Product development and construction","Western Europe","Marine",1,0,0,1,1
"7",2,2,1,1,2,2,1,2,1,2,2,2,2,2,2,2,2,1,2,2,1,1,1,1,1,1,1,1,2,2,2,1,1,1,2,1,1,1,1,2,1,1,1,2,1,1,2,1,2,1,"University","Other","Northern America","Marine,Coastal",1,0,1,1,0
"8",1,1,2,1,1,1,1,1,1,1,1,1,2,1,1,1,1,1,2,2,1,1,2,1,1,1,1,1,2,1,1,1,1,1,1,1,1,2,1,1,1,1,1,1,1,1,1,1,2,2,"National governmental institution","Academia, research and education","Northern America","Marine,Coastal",1,0,1,1,0
"9",2,2,2,2,1,1,1,2,1,1,2,2,2,1,1,2,2,1,2,1,2,2,2,2,2,2,2,2,2,2,2,2,2,2,1,1,1,2,1,2,1,2,1,2,1,1,2,1,1,2,"University","Conservation and environmental management","Northern America","Marine,Coastal",1,0,1,1,1
"10",1,2,2,2,1,1,1,1,2,1,2,1,2,1,1,2,1,1,1,1,2,1,2,1,1,1,1,1,2,2,2,1,1,1,1,2,1,1,2,2,1,1,2,2,2,2,2,2,1,2,"National governmental institution","Academia, research and education","Latin America & Caribbean","Marine,Coastal",1,0,1,1,1
"11",2,2,2,2,2,2,1,1,1,2,2,1,2,1,1,2,2,1,2,1,2,2,2,2,1,1,1,1,2,2,1,1,1,2,2,1,1,1,1,1,2,2,1,2,2,1,2,2,2,2,"Nongovernmental organization (NGO)","Data management","Northern America","Marine,Coastal",1,0,1,0,1
"12",1,2,2,1,2,2,1,2,2,2,2,2,2,1,1,1,1,1,2,2,2,2,1,1,1,2,1,2,2,2,2,1,1,1,1,1,2,2,1,1,1,2,2,2,1,1,1,2,1,1,"University","Academia, research and education","Latin America & Caribbean","Marine",1,0,0,0,1
"13",1,2,2,2,1,1,1,1,2,2,2,1,2,1,1,1,1,1,1,1,1,1,1,1,1,1,1,2,2,2,1,1,1,2,1,1,1,1,1,2,1,2,1,1,1,1,1,2,1,2,"Other academic research institution","Academia, research and education","Western Europe","Freshwater,Terrestrial",0,1,0,1,1
"14",1,1,2,1,1,1,1,1,2,1,2,1,2,1,1,1,1,1,1,1,1,1,1,1,1,1,1,1,2,1,1,1,1,1,1,1,1,1,1,1,2,1,1,1,1,1,2,2,1,2,"University","Academia, research and education","Western Europe","Terrestrial",0,0,0,1,1
"15",1,2,2,2,1,1,1,1,1,1,1,1,2,1,1,1,1,1,1,1,1,1,1,1,1,1,1,1,2,1,2,1,1,1,1,1,1,2,2,1,1,2,1,1,1,1,1,1,1,1,"University","Academia, research and education","Western Europe","Terrestrial",0,0,0,1,1
"16",1,2,2,2,1,1,1,1,2,2,1,1,2,1,1,2,2,1,1,1,1,2,1,1,1,1,1,1,2,2,2,1,1,1,1,2,1,1,2,2,1,1,1,1,1,1,1,2,1,1,"University","Academia, research and education","Western Europe","Freshwater,Terrestrial",0,1,0,1,1
"17",1,2,2,1,1,2,1,1,2,2,1,1,2,1,1,1,2,1,1,1,1,1,2,2,2,2,1,1,2,1,1,1,1,1,1,1,2,2,1,1,1,2,1,1,1,1,1,1,1,1,"Business and Industry","Conservation and environmental management","Western Europe","Terrestrial",0,0,0,0,1
"18",1,2,2,2,1,2,1,1,2,1,1,1,2,2,1,1,2,1,2,1,1,1,2,1,1,2,1,1,2,2,2,2,2,1,1,1,1,1,1,2,1,1,1,1,1,1,2,2,2,1,"Other","Academia, research and education","Western Europe","Terrestrial",0,0,0,1,0
"19",1,2,2,2,1,2,1,1,2,2,2,1,2,1,1,1,2,1,1,1,2,1,2,2,2,2,2,2,2,2,1,2,1,2,1,2,1,2,1,1,1,1,1,1,1,1,2,1,1,1,"National governmental institution","Academia, research and education","Western Europe","Terrestrial",0,0,0,1,1
"20",2,2,2,2,1,1,1,1,2,2,2,1,2,1,1,1,1,1,1,1,1,1,1,2,1,1,1,1,2,1,2,2,2,1,1,2,1,1,1,2,1,1,1,1,1,1,1,2,2,1,"Other academic research institution","Academia, research and education","Western Europe","Terrestrial",0,0,0,1,1
"21",2,2,2,2,2,2,1,2,2,1,1,1,2,1,1,1,2,1,1,2,2,2,2,1,2,1,1,1,2,2,2,1,1,2,2,2,1,2,2,2,1,1,1,1,1,1,1,1,1,1,"University","Data management","Northern America","Marine,Coastal",1,0,1,0,1
"22",2,2,2,2,1,2,1,1,2,2,2,1,2,1,1,1,2,1,1,1,2,1,2,2,1,2,1,2,2,1,1,1,1,2,1,2,1,2,2,2,1,1,2,1,2,2,2,1,1,2,"Other","Other","Western Europe","Freshwater,Terrestrial",0,1,0,1,1
"23",2,2,2,2,1,2,1,2,2,2,2,1,2,1,1,1,1,1,1,1,1,2,2,1,2,1,1,1,2,1,1,1,1,1,1,2,1,1,1,2,1,1,1,1,1,1,1,1,1,1,"Other academic research institution","Conservation and environmental management","Southern Europe","Marine,Coastal",1,0,1,0,0
"24",1,2,2,2,1,1,1,2,2,2,2,1,2,1,1,1,1,1,1,1,1,2,1,1,1,1,1,2,2,1,2,1,1,2,1,2,2,2,2,2,1,1,1,1,1,1,2,2,1,1,"University","Academia, research and education","Latin America & Caribbean","Marine,Coastal",1,0,1,1,0
"25",1,2,2,1,2,2,1,2,1,2,2,2,2,2,2,2,2,2,2,2,2,2,2,2,2,2,2,2,2,2,2,2,2,2,2,2,1,1,2,2,1,1,1,1,2,1,2,2,1,2,"National governmental institution","Conservation and environmental management","Northern America","Marine,Coastal,Freshwater",1,1,1,1,1
"26",2,2,2,2,2,2,1,1,1,2,2,2,2,1,1,1,1,1,2,2,1,2,1,1,1,2,1,2,2,2,2,2,2,1,1,2,2,2,2,2,1,1,1,1,1,2,2,1,1,2,"University","Academia, research and education","Latin America & Caribbean","Marine,Coastal",1,0,1,0,1
"27",1,2,1,1,2,2,1,1,1,1,1,1,2,1,1,1,2,2,1,1,2,1,2,1,1,1,1,1,1,2,1,1,1,1,2,1,2,2,1,2,1,2,2,2,2,2,2,2,2,2,"International organization","Management and administration","Southern Europe","Marine,Coastal,Freshwater",1,1,1,1,0
"28",1,1,2,2,1,2,1,1,2,1,2,1,2,1,1,1,2,1,2,2,2,1,1,1,1,1,1,1,2,1,2,1,2,2,1,2,1,2,1,2,1,2,2,1,1,1,1,2,2,1,"University","Conservation and environmental management","Western Europe","Marine,Terrestrial",1,0,0,1,1
"29",1,1,2,1,1,1,1,1,1,1,1,1,1,1,1,2,2,1,1,1,1,1,1,1,2,1,1,1,2,1,1,1,1,1,1,2,1,1,2,2,1,1,1,1,1,1,1,1,1,1,"National governmental institution","Academia, research and education","Latin America & Caribbean","Marine,Coastal",1,0,1,1,1
"30",2,2,2,1,1,2,2,1,2,2,2,2,2,1,1,2,2,1,1,1,1,1,1,1,1,1,1,1,2,1,2,1,1,1,1,1,1,2,1,2,1,2,1,2,1,1,1,1,1,1,"University","Academia, research and education","Latin America & Caribbean","Marine,Coastal,Freshwater",1,1,1,0,1
"31",1,2,2,1,1,2,1,1,1,2,2,1,2,2,1,1,1,1,2,2,2,1,2,1,2,2,1,1,2,1,2,2,1,1,2,2,1,1,1,1,1,2,1,1,1,1,1,1,1,1,"Other","Academia, research and education","Oceania","Marine,Coastal,Freshwater,Terrestrial",1,1,1,0,1
"32",1,2,2,2,2,1,2,1,1,1,2,1,2,1,1,2,1,2,1,1,1,1,1,1,2,2,1,1,1,1,2,1,1,1,1,1,1,2,2,1,1,2,2,2,2,2,2,1,2,2,"Business and Industry","Product development and construction","Northern America","Marine",1,0,0,1,1
"33",2,2,1,2,2,1,2,2,2,2,1,1,2,1,1,1,1,1,1,1,1,1,2,1,1,1,1,1,2,1,1,1,1,1,2,2,2,1,1,2,1,1,2,2,1,2,2,2,2,1,"Other academic research institution","Conservation and environmental management","Northern America","Freshwater",0,1,0,1,1
"34",2,2,2,2,2,2,2,2,2,2,2,2,2,2,1,2,1,2,1,1,1,1,2,1,2,2,2,1,2,1,1,1,2,1,1,2,1,1,2,2,1,1,1,1,1,1,1,1,1,1,"European Union and its agencies","Conservation and environmental management","Northern America","Marine,Coastal",1,0,1,1,1
"35",2,1,1,2,2,2,2,2,2,2,2,1,2,2,1,1,1,1,1,1,2,1,1,1,2,2,1,1,1,1,1,1,1,1,1,1,1,1,1,2,1,1,1,2,2,2,2,1,1,2,"Business and Industry","Management and administration","Northern America","Terrestrial",0,0,0,0,1
"36",2,1,1,2,2,2,2,2,2,2,2,1,2,2,1,1,1,2,2,1,2,1,2,1,2,2,1,2,1,1,2,1,2,1,2,2,2,1,1,2,1,1,1,1,1,1,2,1,1,2,"Business and Industry","Conservation and environmental management","Asia","Freshwater",0,1,0,1,1
"37",2,1,1,2,2,2,2,2,2,2,2,1,2,1,1,1,1,1,1,1,1,1,1,1,1,1,1,1,1,1,1,1,1,1,1,1,1,1,1,2,1,1,1,1,1,1,1,1,1,1,"University","Management and administration","Latin America & Caribbean","Terrestrial",0,0,0,1,1
"38",2,2,2,1,2,2,1,1,1,2,2,1,2,1,1,1,1,1,2,2,1,1,1,1,1,1,1,1,2,1,1,1,1,1,1,2,1,2,1,2,1,2,1,1,1,1,1,2,2,2,"University","Academia, research and education","Western Europe","Marine",1,0,0,0,1
"39",1,2,1,1,2,2,2,2,2,2,2,2,2,1,1,1,1,2,2,1,2,1,1,1,1,1,1,1,1,1,2,1,1,1,1,2,2,1,2,2,1,1,1,1,1,1,1,1,1,1,"University","Academia, research and education","Northern America","Freshwater,Terrestrial",0,1,0,1,1
"40",2,1,2,2,2,1,1,2,2,1,2,1,2,1,1,1,1,2,2,2,1,1,2,1,2,1,1,1,2,1,1,1,1,1,1,2,2,2,1,2,2,2,2,2,2,1,2,2,2,1,"Other academic research institution","Academia, research and education","Western Europe","Marine",1,0,0,1,1
"41",2,1,1,2,2,2,2,2,2,2,2,2,2,1,2,1,2,2,2,1,2,2,2,2,1,1,1,2,2,1,2,2,1,1,1,2,2,2,2,2,1,2,1,1,2,2,2,2,1,2,"National governmental institution","Conservation and environmental management","Northern America","Marine,Coastal,Freshwater,Terrestrial",1,1,1,1,1
"42",2,2,1,1,2,2,2,2,2,2,2,1,2,1,2,1,2,2,2,1,2,2,1,2,2,1,1,2,2,1,1,1,2,1,2,2,2,1,1,2,1,1,1,1,1,2,1,2,2,1,"International organization","Product development and construction","Northern America","Terrestrial",0,0,0,1,1
"43",1,1,2,1,2,1,1,1,1,2,1,1,1,1,1,1,1,1,1,1,2,2,1,1,1,1,1,1,2,2,1,1,1,1,1,2,1,1,1,1,1,2,2,2,2,1,2,2,2,2,"University","Academia, research and education","Western Europe","Marine",1,0,0,1,1
"44",1,2,2,1,2,2,2,2,2,2,2,1,1,1,1,2,2,2,1,1,2,2,2,1,2,1,1,1,2,1,1,1,1,1,1,2,1,1,2,2,1,1,1,2,1,1,1,1,1,2,"Local or regional governmental institution","Conservation and environmental management","Western Asia","Terrestrial",0,0,0,1,1
"45",1,2,2,1,2,2,2,2,2,2,2,1,1,1,2,2,2,2,1,1,2,2,2,1,1,1,2,2,1,2,1,1,1,1,1,2,2,2,1,2,1,1,1,2,1,1,1,1,1,1,"Business and Industry","Management and administration","Western Europe","Freshwater",0,1,0,1,1
"46",1,1,1,2,2,2,1,1,1,1,1,1,1,1,1,1,1,1,1,2,1,2,1,1,1,1,1,1,1,1,2,2,2,1,1,1,2,1,1,1,1,1,1,1,1,1,1,1,2,1,"Local or regional governmental institution","Management and administration","Northern America","Marine",1,0,0,1,1
"47",1,2,1,2,1,2,1,2,1,2,2,1,2,1,2,1,1,2,1,1,2,1,1,1,2,2,2,1,1,1,1,1,2,1,1,1,2,1,1,2,1,1,1,1,1,1,1,2,1,2,"Local or regional governmental institution","Conservation and environmental management","Northern America","Coastal,Terrestrial",0,0,1,1,1
"48",1,2,1,2,1,1,1,2,2,2,1,1,2,2,1,2,1,1,2,1,1,2,1,1,1,1,1,1,2,1,1,1,1,1,2,2,1,2,2,2,1,2,1,1,1,1,2,1,1,2,"University","Academia, research and education","Northern America","Marine",1,0,0,0,0
"49",2,2,2,2,2,2,2,2,2,2,2,2,2,2,2,2,2,2,2,2,1,2,2,1,2,2,2,2,2,2,2,2,2,1,2,2,2,2,2,2,1,2,1,1,1,1,2,1,2,1,"Other","Academia, research and education","Southern Europe","Marine,Coastal,Freshwater,Terrestrial",1,1,1,1,1
"50",2,2,2,2,1,2,1,2,2,2,1,1,2,1,1,1,2,1,1,1,2,1,1,1,1,1,1,1,2,1,1,1,1,1,1,1,1,2,2,2,1,2,2,1,1,1,2,2,2,2,"Other academic research institution","Data management","Southern Europe","Marine,Freshwater",1,1,0,1,0
"51",1,2,2,2,1,1,1,1,2,2,2,1,2,1,1,1,1,1,1,1,1,1,1,1,1,1,1,1,2,1,2,1,1,1,1,2,1,2,1,1,1,1,1,1,1,1,2,2,1,2,"University","Academia, research and education","Western Europe","Terrestrial",0,0,0,0,0
"52",2,1,1,2,2,2,2,2,1,2,2,2,2,1,2,2,2,2,2,1,2,2,2,1,1,2,1,1,2,1,2,1,2,1,1,2,2,1,2,1,1,1,1,1,1,1,1,1,1,1,"Other academic research institution","Data management","Western Europe","Coastal",0,0,1,0,0
"53",2,1,1,2,2,2,1,2,1,2,2,1,2,2,2,1,2,2,2,2,2,1,2,1,2,2,1,2,2,1,2,1,2,1,1,2,1,2,2,1,1,1,1,1,1,1,1,1,1,1,"Local or regional governmental institution","Conservation and environmental management","Western Europe","Marine,Coastal,Freshwater,Terrestrial",1,1,1,1,1
"54",1,1,1,2,1,2,1,1,2,2,2,1,2,1,1,1,1,2,2,1,1,1,2,1,2,1,2,2,1,1,1,1,1,1,1,1,2,1,2,2,1,1,1,1,1,1,1,1,1,1,"Business and Industry","Management and administration","Northern America","Freshwater",0,1,0,1,1
"55",1,1,1,2,1,2,2,2,2,1,2,1,2,1,1,1,1,2,2,2,1,2,1,1,2,2,1,1,1,1,1,1,1,1,2,2,2,1,1,2,1,2,2,2,2,2,2,2,2,2,"Business and Industry","Conservation and environmental management","Northern America","Terrestrial",0,0,0,1,1
"56",2,1,2,1,2,2,1,2,2,2,2,1,2,1,1,1,1,1,2,2,1,1,2,1,1,1,1,2,2,2,2,1,1,2,1,1,2,1,1,2,1,2,1,1,2,1,2,2,1,2,"University","Academia, research and education","Northern America","Marine,Freshwater",1,1,0,0,0
"57",2,2,2,1,2,2,2,2,2,2,2,2,2,2,2,2,2,2,2,2,2,2,2,2,2,2,2,2,2,1,2,2,2,2,1,2,2,2,2,2,1,2,1,1,2,2,2,2,2,1,"University","Academia, research and education","Western Asia","Marine,Coastal",1,0,1,1,1
"58",1,2,1,1,1,1,1,2,1,2,2,1,2,1,1,1,1,2,1,1,1,1,2,1,2,2,1,2,1,2,1,2,2,1,1,2,1,2,2,2,1,1,1,1,1,1,1,1,1,1,"National governmental institution","Conservation and environmental management","Southern Europe","Marine,Coastal",1,0,1,1,0
"59",1,2,2,1,1,1,1,1,2,2,2,1,2,1,1,1,1,1,1,1,1,1,2,1,2,1,1,1,2,1,1,1,1,1,1,2,1,1,1,2,1,2,1,1,2,1,2,2,2,2,"Other academic research institution","Conservation and environmental management","Southern Europe","Freshwater",0,1,0,1,0
"60",2,2,2,1,2,2,1,1,1,1,2,1,2,1,1,1,1,1,2,2,1,1,2,1,2,1,1,1,2,1,1,1,1,1,1,2,2,1,2,1,1,1,1,1,1,1,2,1,1,2,"Other academic research institution","Academia, research and education","Southern Europe","Marine,Coastal",1,0,1,1,0
"61",1,2,2,1,2,2,2,1,2,2,2,1,2,2,1,2,1,2,1,2,2,1,2,1,1,2,2,1,2,1,2,1,1,2,1,2,2,2,2,2,1,2,2,1,1,1,2,2,2,2,"University","Academia, research and education","Western Europe","Marine,Coastal",1,0,1,1,1
"62",1,2,2,1,1,1,2,2,2,2,1,1,2,1,1,2,2,1,2,2,2,1,1,1,1,1,2,1,2,1,1,1,1,1,1,2,2,1,1,1,1,2,1,1,1,1,1,1,1,1,"University","Academia, research and education","Western Europe","Marine,Coastal",1,0,1,0,0
"63",1,2,1,1,1,1,1,1,2,2,2,1,2,2,1,1,1,1,1,1,1,1,1,1,1,1,2,2,1,2,1,2,1,1,1,2,2,1,1,1,1,1,1,1,1,1,1,2,1,2,"Nongovernmental organization (NGO)","Academia, research and education","Western Europe","Terrestrial",0,0,0,1,0
"64",1,2,2,2,2,2,1,1,1,2,2,1,2,1,1,1,1,1,2,2,1,1,2,1,2,2,1,1,2,2,2,1,2,1,1,2,1,2,1,2,1,1,1,1,1,1,1,1,1,1,"University","Academia, research and education","Northern America","Marine,Coastal",1,0,1,0,1
"65",1,2,2,1,2,2,1,1,1,2,2,2,2,1,2,2,2,2,2,2,2,2,2,1,1,1,1,1,1,1,1,1,2,2,2,2,1,1,2,1,1,1,1,1,1,1,1,1,1,2,"Local or regional governmental institution","Conservation and environmental management","Northern America","Marine,Coastal",1,0,1,1,1
"66",2,2,1,1,1,1,1,1,2,1,1,1,2,1,1,1,1,1,1,1,1,1,1,1,1,1,1,1,2,1,1,1,1,1,1,1,1,1,1,2,1,1,1,1,1,1,1,2,2,1,"Other academic research institution","Academia, research and education","Western Europe","Marine,Coastal",1,0,1,1,1
"67",1,2,1,1,1,1,1,1,1,1,1,2,2,2,1,1,1,2,2,2,2,1,1,1,1,1,2,2,2,1,1,1,1,1,1,2,1,1,1,1,1,1,1,1,1,1,1,1,1,1,"European Union and its agencies","Academia, research and education","Western Europe","Marine,Coastal,Freshwater",1,1,1,1,0
"68",1,2,2,1,1,1,1,1,1,2,2,2,2,2,1,1,2,2,2,2,2,2,2,1,2,2,2,1,2,1,1,1,1,2,1,2,1,1,2,1,2,2,1,1,1,1,1,1,2,1,"Business and Industry","Law, policy and decision-making","Western Europe","Terrestrial",0,0,0,1,1
"69",2,2,1,1,1,1,1,1,2,1,2,1,2,1,1,1,1,1,2,1,2,1,1,1,1,1,1,1,2,1,1,1,1,1,1,1,1,1,1,2,1,1,1,1,1,1,2,1,1,1,"University","Academia, research and education","Western Europe","Marine,Coastal,Freshwater,Terrestrial",1,1,1,1,1
"70",1,2,2,2,1,1,1,1,1,1,1,1,2,1,2,2,2,2,2,2,2,1,2,2,2,2,1,1,2,1,2,1,2,1,1,2,2,1,2,1,1,1,2,1,1,1,1,1,1,1,"University","Conservation and environmental management","Oceania","Marine,Coastal",1,0,1,0,0
"71",1,2,2,1,1,1,2,1,1,2,1,1,2,1,1,2,2,2,1,1,1,1,1,1,2,1,1,1,2,1,1,1,1,1,1,2,1,1,2,2,1,2,1,1,2,1,2,1,2,2,"Other academic research institution","Academia, research and education","Eastern Europe","Marine,Coastal",1,0,1,1,0
"72",1,2,2,1,2,2,1,2,2,2,2,1,2,1,1,1,1,1,2,2,1,1,1,1,1,1,1,1,2,1,1,1,1,1,2,2,1,1,1,2,2,2,1,1,1,1,2,2,2,1,"Other academic research institution","Academia, research and education","Western Europe","Marine,Coastal",1,0,1,0,0
"73",1,2,1,1,1,1,1,1,1,2,2,1,2,2,1,1,2,2,2,2,2,2,1,1,2,1,2,1,2,2,2,1,1,1,1,2,1,1,2,2,1,2,2,2,1,2,2,2,2,1,"Local association","Law, policy and decision-making","Eastern Europe","Freshwater",0,1,0,0,0
"74",1,2,2,2,1,2,1,1,2,2,2,2,1,1,1,1,1,2,2,2,2,2,1,1,2,2,1,1,2,1,1,1,1,2,1,2,1,1,2,1,1,1,1,1,1,1,2,1,1,1,"Other academic research institution","Conservation and environmental management","Western Europe","Terrestrial",0,0,0,1,0
"75",1,2,2,2,2,2,2,2,2,1,1,1,2,1,2,2,1,1,2,2,2,2,2,1,1,1,1,1,2,1,1,1,1,2,2,2,2,2,2,2,1,2,1,1,1,1,2,2,1,1,"Other academic research institution","Academia, research and education","Western Europe","Marine,Coastal",1,0,1,1,1
"76",2,2,2,1,2,2,2,2,2,2,2,1,2,1,1,2,1,2,1,1,2,2,1,1,2,2,1,1,2,2,2,1,2,2,1,2,1,2,2,2,1,1,1,1,1,2,1,1,1,1,"University","Conservation and environmental management","Africa","Marine,Coastal",1,0,1,1,0
"77",2,2,2,1,1,2,1,1,1,1,2,2,2,2,1,1,2,1,2,2,1,1,1,1,1,2,1,2,2,1,1,1,1,2,1,1,2,1,1,2,1,1,1,1,2,1,1,1,1,2,"University","Academia, research and education","Western Europe","Terrestrial",0,0,0,1,1
"78",2,2,1,2,1,1,2,2,1,2,2,1,2,2,1,2,1,1,2,1,2,1,2,1,2,1,1,1,2,1,2,1,1,1,1,2,1,2,2,2,1,1,1,2,1,1,2,1,2,2,"University","Data management","Western Europe","Marine",1,0,0,0,1
"79",2,2,2,2,1,2,1,2,2,1,1,1,2,1,1,1,1,1,1,1,2,1,1,1,2,2,1,1,2,1,1,1,1,1,1,2,1,1,2,2,1,2,1,1,1,1,2,2,2,1,"University","Academia, research and education","Western Europe","Marine,Coastal",1,0,1,1,1
"80",2,1,1,2,1,1,1,2,2,2,2,2,2,1,2,2,2,1,2,1,1,1,1,2,2,1,2,1,2,1,2,2,2,1,2,1,1,1,1,2,1,1,1,2,1,1,2,1,1,2,"University","Data management","Northern America","Marine,Coastal",1,0,1,1,1
"81",1,2,1,1,2,1,1,2,1,2,2,1,2,2,1,2,1,2,2,1,1,2,1,2,2,2,2,2,1,1,1,2,1,1,1,2,2,1,2,2,1,2,2,2,2,2,1,1,1,1,"National governmental institution","Law, policy and decision-making","Latin America & Caribbean","Marine,Coastal",1,0,1,1,1
"82",1,2,2,2,1,2,1,1,1,2,1,1,2,2,2,1,1,2,1,1,2,2,2,2,1,2,2,2,1,2,1,2,2,2,1,2,1,1,2,2,1,2,2,2,2,2,2,1,1,1,"Nongovernmental organization (NGO)","Conservation and environmental management","Western Europe","Freshwater,Terrestrial",0,1,0,1,1
"83",1,2,2,1,1,1,1,1,2,2,1,1,2,1,1,1,2,1,2,2,2,1,1,2,2,2,1,1,1,1,1,2,2,1,1,2,1,1,2,1,1,2,1,1,1,1,2,2,1,2,"Other","Conservation and environmental management","Western Europe","Freshwater",0,1,0,1,0
"84",2,2,2,2,2,1,1,2,1,2,2,1,2,1,1,1,1,1,2,1,2,1,1,2,1,1,1,1,2,1,1,1,1,1,1,1,1,2,1,2,2,1,1,2,1,1,2,2,2,2,"University","Academia, research and education","Northern America","Marine",1,0,0,0,1
"85",1,2,2,1,1,1,1,1,1,1,1,1,2,1,1,1,1,1,1,1,1,1,1,1,1,1,1,1,2,1,1,1,1,1,1,1,2,2,1,2,1,2,1,1,1,2,1,2,1,1,"University","Academia, research and education","Western Europe","Marine,Coastal",1,0,1,1,0
"86",2,2,2,2,1,1,1,2,2,2,2,1,2,1,1,2,1,1,2,2,2,2,2,2,1,2,1,2,2,2,1,2,2,2,1,1,1,1,1,2,1,2,1,1,1,1,2,1,1,2,"National governmental institution","Data management","Northern America","Marine,Coastal",1,0,1,1,1
"87",2,2,2,1,1,2,2,2,2,2,2,1,2,1,1,1,2,1,1,1,2,2,2,1,1,1,1,1,2,2,2,1,1,1,1,2,2,2,2,1,1,1,1,1,1,1,2,2,2,1,"National governmental institution","Academia, research and education","Northern Europe","Marine",1,0,0,1,1
"88",2,2,1,2,1,2,2,2,1,2,2,1,2,1,2,2,1,1,2,1,2,2,1,2,2,2,1,1,1,1,1,1,2,2,1,2,2,2,1,1,1,2,1,1,1,1,2,1,1,1,"National governmental institution","Conservation and environmental management","Southern Europe","Marine,Coastal",1,0,1,1,0
"89",1,2,2,2,2,2,1,2,2,1,1,2,2,1,1,1,1,1,1,1,2,1,1,1,1,1,1,1,2,1,1,1,1,2,1,1,2,2,1,2,1,2,2,2,1,1,2,2,2,1,"University","Academia, research and education","Southern Europe","Marine",1,0,0,0,1
"90",2,2,2,2,1,1,1,1,1,2,2,1,2,1,1,1,2,1,2,1,1,2,2,2,2,1,1,1,2,1,1,1,2,1,1,2,1,1,1,1,1,1,1,1,1,1,1,1,1,1,"Business and Industry","Conservation and environmental management","Western Europe","Terrestrial",0,0,0,1,1
"91",2,2,2,1,1,1,1,1,1,1,2,1,1,1,1,1,1,1,1,1,1,1,1,1,1,2,1,1,2,1,1,1,2,1,1,2,1,1,1,1,1,2,2,1,1,1,2,1,1,1,"Business and Industry","Academia, research and education","Western Europe","Terrestrial",0,0,0,0,1
"92",2,2,2,2,2,2,1,2,2,2,2,2,2,2,2,2,2,1,2,2,1,1,2,2,1,2,2,2,2,2,2,2,2,2,1,2,2,2,2,2,1,2,1,1,2,2,2,2,1,1,"Nongovernmental organization (NGO)","Conservation and environmental management","Northern America","Marine,Coastal",1,0,1,0,1
"93",1,2,2,2,1,1,1,2,2,2,2,1,2,1,1,1,1,2,2,1,1,1,2,1,1,1,1,1,2,2,2,1,1,1,1,2,1,2,1,1,1,2,1,2,2,2,2,1,2,1,"University","Academia, research and education","Asia","Marine,Coastal",1,0,1,1,0
"94",2,2,2,2,2,2,2,2,2,1,1,1,2,2,1,1,2,2,1,1,1,1,1,2,2,2,1,2,2,2,2,1,2,1,1,2,1,1,1,2,1,1,1,2,2,2,2,2,1,2,"Other academic research institution","Conservation and environmental management","Southern Europe","Marine",1,0,0,1,1
"95",1,2,1,1,1,1,1,1,1,2,2,1,2,1,1,2,1,1,2,2,2,1,1,1,1,1,1,1,2,1,1,1,1,1,1,2,1,2,2,1,1,1,1,1,1,1,1,1,1,1,"University","Other","Eastern Europe","Marine",1,0,0,1,0
"96",2,2,1,1,1,1,1,1,1,1,1,2,2,2,1,1,2,2,1,1,1,1,1,2,2,2,2,2,2,1,2,2,1,1,1,2,2,2,2,2,1,1,1,1,1,2,1,2,1,1,"University","Conservation and environmental management","Africa","Coastal",0,0,1,1,1
"97",1,2,1,1,1,1,1,1,1,2,2,1,2,2,1,1,2,2,1,1,1,1,1,1,2,1,1,2,1,1,1,2,2,1,1,2,2,1,2,1,1,1,1,1,1,1,1,1,1,2,"National governmental institution","Law, policy and decision-making","Other","Marine,Terrestrial",1,0,0,1,0
"98",2,1,2,1,1,1,1,2,1,1,2,1,2,1,1,1,1,2,1,1,1,1,2,2,2,2,1,1,2,1,1,1,2,2,1,1,1,1,1,2,1,2,2,1,1,2,2,1,1,2,"National governmental institution","Academia, research and education","Southern Europe","Marine,Coastal",1,0,1,1,0
"99",1,2,2,2,1,1,1,1,1,2,2,1,2,1,1,1,1,1,1,1,1,1,2,1,2,2,1,2,1,1,2,2,2,1,1,2,1,1,1,2,1,1,1,2,2,1,1,2,1,1,"Nongovernmental organization (NGO)","Conservation and environmental management","Western Europe","Terrestrial",0,0,0,1,1
"100",1,2,2,1,1,1,1,1,1,1,2,1,2,1,1,2,1,2,2,2,2,1,2,1,2,1,1,1,2,2,2,1,1,1,1,2,2,2,2,2,1,2,2,1,1,1,2,2,1,2,"University","Academia, research and education","Western Europe","Freshwater",0,1,0,0,1
"101",1,2,1,2,2,2,1,2,1,1,1,1,2,1,2,2,2,1,2,1,2,1,1,1,1,1,1,1,2,1,1,1,1,2,2,1,1,2,1,2,1,2,1,1,1,1,1,1,1,1,"Other","Product development and construction","Southern Europe","Marine",1,0,0,1,1
"102",1,2,2,1,1,1,1,1,1,1,2,1,2,1,1,1,1,1,1,1,1,1,2,1,1,2,1,1,2,2,1,1,1,1,1,1,1,1,1,2,2,1,1,1,1,1,1,1,1,1,"National governmental institution","Management and administration","Western Europe","Marine,Coastal,Freshwater,Terrestrial",1,1,1,1,0
"103",1,2,2,2,1,2,1,1,1,2,2,1,2,1,1,1,1,1,2,1,1,1,2,1,1,2,1,1,2,2,2,2,1,1,1,1,1,1,1,1,2,1,1,1,1,1,1,1,1,1,"Local or regional governmental institution","Academia, research and education","Western Europe","Terrestrial",0,0,0,1,1
"104",1,2,2,2,2,2,1,2,2,1,1,1,2,1,1,2,1,1,1,1,2,1,2,2,2,2,1,2,2,1,2,2,2,2,1,2,1,2,2,2,1,2,2,2,2,1,2,2,2,2,"Other","Data management","Western Europe","Marine,Coastal,Freshwater,Terrestrial",1,1,1,1,1
"105",1,2,2,1,1,1,1,1,1,2,2,1,2,1,1,1,1,1,2,2,1,1,1,1,1,1,1,1,2,2,1,1,1,1,1,2,1,2,1,1,1,2,1,1,2,1,2,1,1,1,"Other academic research institution","Academia, research and education","Western Europe","Coastal,Freshwater",0,1,1,1,1
"106",1,2,1,2,1,1,1,1,1,1,1,1,2,1,1,1,1,1,1,1,2,2,2,1,1,2,1,2,1,1,1,2,1,1,1,2,1,1,2,1,1,1,1,1,1,1,1,1,1,1,"Local or regional governmental institution","Management and administration","Western Europe","Terrestrial",0,0,0,1,0
"107",2,1,2,1,2,1,2,2,1,2,2,1,2,1,1,1,2,1,2,2,1,1,1,1,1,1,1,1,2,1,1,1,1,1,1,2,2,2,2,2,1,1,1,1,1,1,1,1,1,1,"Other academic research institution","Academia, research and education","Western Europe","Marine,Coastal",1,0,1,1,1
"108",2,2,1,2,1,2,1,1,2,1,1,2,2,1,1,1,2,1,2,1,1,2,2,1,1,1,1,2,2,1,1,1,1,1,1,2,2,2,2,2,1,2,1,1,1,2,2,1,1,2,"National governmental institution","Conservation and environmental management","Western Europe","Marine,Coastal,Freshwater,Terrestrial",1,1,1,1,0
"109",2,2,1,1,2,1,1,1,1,2,2,1,2,1,1,1,2,1,2,2,2,1,2,1,1,1,1,1,2,1,1,1,1,1,2,1,1,2,1,2,1,1,2,1,1,1,1,1,1,2,"University","Academia, research and education","Northern America","Marine",1,0,0,0,0
"110",2,2,2,2,1,1,1,1,1,2,2,1,2,1,1,1,2,1,1,1,1,2,2,2,2,2,1,1,1,2,1,1,2,2,1,2,1,1,1,2,1,1,1,1,1,1,2,1,1,1,"Business and Industry","Conservation and environmental management","Western Europe","Terrestrial",0,0,0,1,1
"111",1,2,1,1,1,1,1,1,1,1,1,1,2,2,1,1,1,1,1,1,1,1,1,1,1,1,1,2,1,1,1,2,1,1,1,2,2,1,2,1,1,1,2,1,1,1,1,1,1,2,"European Union and its agencies","Law, policy and decision-making","Western Europe","Marine,Terrestrial",1,0,0,1,0
"112",1,2,1,1,1,1,1,1,1,1,1,1,2,1,1,1,1,1,1,1,1,1,1,1,2,1,1,1,1,1,1,2,1,1,1,1,2,1,1,1,2,2,2,1,2,1,2,2,1,2,"National governmental institution","Other","Southern Europe","None of these",0,0,0,1,0
"113",1,2,2,2,1,1,1,1,1,2,1,1,2,2,1,1,2,1,2,1,2,1,2,1,1,1,2,2,1,2,1,2,1,2,1,2,1,2,2,1,1,2,1,2,2,2,2,2,2,1,"National governmental institution","Law, policy and decision-making","Western Europe","Marine,Coastal,Freshwater,Terrestrial",1,1,1,1,0
"114",1,2,2,1,1,1,1,1,1,2,2,1,2,1,2,1,2,1,1,1,1,2,2,1,1,2,1,1,1,2,1,1,1,2,1,2,1,2,1,1,1,2,1,2,1,1,2,2,2,2,"National governmental institution","Conservation and environmental management","Western Europe","Freshwater,Terrestrial",0,1,0,1,0
"115",1,2,2,2,1,1,1,1,2,2,1,1,2,1,1,1,1,1,1,1,1,1,2,2,1,2,2,2,2,2,1,2,2,2,1,2,2,2,1,2,1,2,1,1,1,1,1,2,1,2,"National governmental institution","Conservation and environmental management","Western Europe","Freshwater,Terrestrial",0,1,0,1,1
"116",2,2,1,2,1,1,1,1,1,2,2,1,2,1,1,1,2,1,2,1,1,2,2,1,1,2,2,2,2,1,1,2,1,1,1,2,1,1,1,1,1,2,1,1,1,1,2,2,2,2,"National governmental institution","Conservation and environmental management","Western Europe","Freshwater,Terrestrial",0,1,0,1,1
"117",1,1,1,2,1,1,1,2,2,2,2,2,2,2,2,2,2,2,2,2,2,2,1,1,1,1,1,1,2,1,1,1,1,2,1,1,1,1,1,2,1,2,1,2,1,1,2,2,2,2,"National governmental institution","Data management","Western Europe","Marine,Coastal,Freshwater,Terrestrial",1,1,1,1,1
"118",1,2,2,2,1,2,1,1,2,2,2,1,2,1,2,1,2,1,1,1,2,2,2,2,1,1,2,1,1,1,1,1,1,2,1,2,1,1,2,1,1,1,1,1,2,1,1,2,2,2,"National governmental institution","Academia, research and education","Western Europe","Marine,Coastal,Freshwater,Terrestrial",1,1,1,1,1
"119",1,2,2,1,1,1,1,1,1,2,2,1,2,1,1,1,1,1,1,1,1,1,2,1,1,2,1,1,2,2,1,1,1,1,1,1,1,1,1,2,1,2,2,2,1,1,1,2,2,2,"National governmental institution","Conservation and environmental management","Western Europe","Freshwater,Terrestrial",0,1,0,1,0
"120",1,1,1,2,1,1,1,1,1,1,2,1,2,2,1,1,1,1,1,1,1,2,2,1,1,2,2,2,1,2,1,1,1,1,1,1,1,1,1,1,1,1,2,1,1,1,2,1,2,2,"Nongovernmental organization (NGO)","Conservation and environmental management","Western Europe","Marine,Coastal,Freshwater",1,1,1,1,0
"121",2,2,1,1,1,1,1,1,1,1,1,1,2,2,1,2,2,1,1,1,2,2,1,1,1,2,2,1,2,1,1,1,1,1,1,2,2,1,2,1,1,1,1,1,1,1,1,1,1,1,"University","Academia, research and education","Western Europe","Marine",1,0,0,1,0
"122",1,1,2,1,1,1,1,2,1,1,1,1,2,1,1,1,1,1,1,1,1,1,1,1,1,1,1,1,2,1,1,1,1,1,1,1,1,2,1,1,1,2,2,1,1,1,1,2,2,2,"National governmental institution","Conservation and environmental management","Western Europe","Marine",1,0,0,1,0
"123",1,2,2,1,2,1,1,1,1,2,2,1,2,1,1,1,1,1,2,1,2,2,1,1,1,1,1,1,2,1,1,1,1,1,1,2,1,1,2,2,1,2,2,1,1,1,2,1,1,2,"Other academic research institution","Academia, research and education","Western Europe","Marine,Coastal",1,0,1,0,1
"124",2,2,1,1,1,1,1,1,1,1,1,1,2,1,1,1,1,1,1,1,1,1,2,1,1,1,1,1,1,1,1,1,1,1,1,1,1,1,1,1,2,1,1,1,1,1,1,1,1,1,"University","Academia, research and education","Western Europe","Freshwater",0,1,0,0,0
"125",2,1,2,1,1,2,1,1,1,1,1,1,2,1,1,1,1,1,1,1,2,1,1,1,1,1,1,1,2,2,2,1,1,1,1,1,1,1,1,1,2,1,1,1,1,1,1,1,1,1,"University","Academia, research and education","Western Europe","Marine,Coastal,Terrestrial",1,0,1,0,1
"126",1,2,2,1,2,2,2,1,2,1,2,1,2,1,1,1,1,2,1,2,2,2,1,1,1,1,1,1,2,1,1,1,1,1,1,1,1,2,1,2,1,1,1,2,1,1,2,2,1,2,"National governmental institution","Academia, research and education","Western Europe","Marine,Coastal",1,0,1,1,0
"127",1,2,2,2,2,2,1,1,2,2,2,1,2,1,2,1,2,2,1,1,2,2,1,1,1,1,1,1,2,2,2,1,1,1,1,2,1,2,1,2,1,1,1,1,1,1,1,1,1,1,"National governmental institution","Academia, research and education","Western Europe","Marine,Coastal",1,0,1,1,1
"128",1,2,1,2,1,1,1,1,1,2,2,2,2,1,1,1,1,1,1,1,2,1,2,1,1,2,2,2,1,1,1,2,1,2,1,2,2,2,2,2,1,1,1,1,2,1,1,2,1,2,"National governmental institution","Law, policy and decision-making","Western Europe","Coastal,Freshwater,Terrestrial",0,1,1,1,0
"129",1,2,2,1,2,2,2,1,1,2,1,1,2,1,1,1,1,1,1,1,2,2,1,1,1,2,2,2,2,1,2,1,1,1,1,2,1,1,1,2,1,2,2,2,2,1,2,2,2,2,"National governmental institution","Conservation and environmental management","Western Europe","Marine,Coastal",1,0,1,1,0
"130",1,2,2,1,1,1,1,1,1,1,1,1,2,2,1,1,1,1,1,1,1,1,1,1,1,2,1,2,2,1,2,2,2,2,1,1,2,2,1,1,1,1,2,1,1,2,2,2,2,2,"University","Academia, research and education","Western Europe","Freshwater,Terrestrial",0,1,0,0,0
"131",1,2,1,1,1,1,1,1,1,2,1,1,2,1,1,1,1,2,1,1,1,2,1,2,2,1,2,1,1,1,2,1,1,1,1,2,1,2,1,1,1,2,2,1,2,2,1,2,1,2,"University","Conservation and environmental management","Western Europe","None of these",0,0,0,0,0
"132",1,2,2,1,1,1,1,1,1,1,1,2,2,1,1,1,2,2,2,2,1,1,1,1,1,2,1,1,2,1,1,1,1,2,1,1,2,2,1,2,1,2,2,2,2,2,1,1,1,1,"National governmental institution","Academia, research and education","Latin America & Caribbean","Marine,Coastal",1,0,1,1,0
"133",2,2,2,1,1,1,1,2,2,2,2,1,2,1,1,2,1,1,2,2,1,2,1,1,1,1,1,1,2,1,1,1,2,1,1,2,1,1,2,2,1,1,1,1,2,1,1,2,1,1,"University","Academia, research and education","Oceania","Marine",1,0,0,1,1
"134",1,2,2,1,1,2,1,1,1,2,2,1,2,1,1,1,2,1,1,1,2,2,2,1,1,1,1,2,2,2,1,1,2,2,1,2,1,2,1,1,1,1,1,2,1,2,1,1,1,1,"National governmental institution","Conservation and environmental management","Western Europe","Coastal,Freshwater,Terrestrial",0,1,1,1,0
"135",1,1,2,1,1,1,1,1,1,1,1,1,2,1,1,1,1,1,1,2,1,1,1,1,1,2,1,1,2,1,1,1,2,1,1,2,1,1,1,2,1,1,2,1,1,1,1,1,1,2,"University","Academia, research and education","Asia","Marine,Coastal,Terrestrial",1,0,1,1,0
"136",1,2,2,1,1,1,1,1,1,2,2,1,2,1,1,1,1,1,1,1,1,1,1,1,1,1,1,1,2,1,1,1,1,1,1,2,1,2,1,1,1,1,1,2,2,1,2,2,2,1,"National governmental institution","Conservation and environmental management","Western Europe","Freshwater,Terrestrial",0,1,0,0,0
"137",1,1,1,2,2,2,1,2,2,1,1,1,2,1,2,2,1,1,2,2,1,1,1,1,1,1,1,1,1,1,1,1,1,1,1,2,2,2,2,1,1,2,1,1,2,1,2,2,1,2,"International organization","Data management","Western Europe","Marine,Coastal",1,0,1,1,1
"138",2,2,1,2,1,2,1,2,2,1,1,1,2,1,1,1,2,1,1,1,1,1,1,2,1,1,1,1,2,1,1,1,1,1,2,1,2,2,1,2,1,1,1,2,2,1,2,2,2,1,"International organization","Data management","Western Europe","Marine",1,0,0,1,1
"139",1,2,2,2,2,2,2,2,1,1,1,1,2,1,1,1,1,1,1,2,1,2,2,2,2,2,1,1,2,1,1,1,1,1,1,2,2,2,2,2,1,2,2,1,2,1,1,2,1,1,"National governmental institution","Data management","Other","Marine,Coastal",1,0,1,1,0
"140",1,2,2,2,2,2,2,2,1,2,2,2,2,2,1,2,2,2,2,2,1,1,2,1,1,1,1,1,2,1,2,1,1,1,1,1,2,1,1,2,1,1,1,1,1,2,2,2,2,1,"European Union and its agencies","Other","Southern Europe","Marine,Coastal,Freshwater",1,1,1,1,0
"141",2,2,2,2,1,1,1,2,2,1,2,1,2,1,1,1,1,1,1,1,1,2,2,1,1,1,1,1,2,1,1,1,1,1,2,1,1,2,2,2,1,1,2,2,1,1,2,2,1,2,"International organization","Academia, research and education","Northern Europe","Marine,Coastal",1,0,1,1,1
"142",1,2,2,2,2,2,1,2,2,1,2,1,2,2,1,2,2,1,2,1,1,1,2,1,2,1,1,1,2,1,1,1,1,1,1,2,1,2,1,2,1,2,1,1,1,2,1,1,1,1,"University","Academia, research and education","Southern Europe","Marine",1,0,0,1,1
"143",1,2,2,2,1,1,1,1,1,2,2,2,2,2,1,2,1,1,2,1,1,2,2,2,2,2,2,2,1,2,2,2,2,2,2,2,2,2,2,2,1,1,1,1,2,1,1,1,1,1,"National governmental institution","Conservation and environmental management","Other","Marine,Coastal,Freshwater,Terrestrial",1,1,1,1,1
"144",1,2,2,1,1,1,1,1,1,1,2,1,1,1,1,1,1,2,1,1,2,1,1,1,1,2,1,1,1,2,2,1,1,2,1,2,1,1,2,1,1,2,1,2,1,1,2,2,2,1,"Nongovernmental organization (NGO)","Management and administration","Western Europe","Terrestrial",0,0,0,0,1
"145",2,2,2,1,2,2,1,1,1,1,1,1,2,1,1,2,2,1,1,1,2,1,2,1,2,2,1,1,2,2,2,2,2,1,1,2,1,2,2,1,1,1,1,1,2,2,1,1,1,2,"Nongovernmental organization (NGO)","Conservation and environmental management","Latin America & Caribbean","Marine,Coastal",1,0,1,1,0
"146",1,2,1,2,1,2,1,1,2,2,2,1,2,2,1,1,2,2,1,1,2,2,2,1,1,1,2,2,1,2,1,2,1,1,1,2,2,2,2,1,1,2,2,1,1,1,1,2,1,1,"National governmental institution","Law, policy and decision-making","Western Europe","Freshwater,Terrestrial",0,1,0,1,0
"147",1,2,1,2,1,1,1,1,1,1,2,1,2,1,1,1,1,1,1,1,1,1,2,1,1,2,1,1,1,1,1,2,1,1,1,2,1,1,2,1,1,1,1,2,2,1,2,2,2,2,"Local or regional governmental institution","Other","Western Europe","Coastal,Terrestrial",0,0,1,1,0
"148",1,1,2,2,1,2,1,1,1,2,2,2,2,2,1,1,2,1,1,1,1,1,1,1,1,1,2,1,2,1,1,1,1,2,1,2,1,1,1,1,1,2,2,1,2,2,1,1,1,1,"University","Conservation and environmental management","Western Europe","Terrestrial",0,0,0,1,0
"149",1,2,2,1,1,1,1,1,2,2,2,1,2,1,2,1,1,1,1,1,2,1,1,2,1,2,1,2,1,1,1,1,2,1,1,2,1,1,1,1,1,1,1,1,2,1,1,1,1,1,"Nongovernmental organization (NGO)","Conservation and environmental management","Western Europe","Marine,Coastal,Freshwater,Terrestrial",1,1,1,1,1
"150",1,2,1,1,1,2,2,2,2,2,2,2,2,2,2,2,2,2,2,2,2,2,1,1,1,2,2,2,1,1,1,2,2,1,1,2,2,2,2,2,1,1,1,1,1,1,1,1,1,1,"National governmental institution","Law, policy and decision-making","Eastern Europe","Coastal,Terrestrial",0,0,1,0,0
"151",1,2,1,1,1,1,1,1,1,1,1,1,2,2,1,1,2,1,2,1,2,1,1,1,1,1,2,2,1,1,1,2,1,2,1,2,2,2,2,1,1,1,2,2,2,1,2,1,2,2,"National governmental institution","Law, policy and decision-making","Western Europe","Freshwater,Terrestrial",0,1,0,1,1
"152",1,2,2,2,1,1,1,1,1,1,1,2,2,1,1,1,1,1,2,1,2,1,1,1,1,1,1,1,2,1,2,1,1,2,1,1,2,2,1,1,1,1,1,2,1,1,2,2,1,1,"Other academic research institution","Academia, research and education","Northern Europe","Marine,Coastal",1,0,1,1,1
"153",1,2,2,2,1,1,1,1,2,1,2,1,1,1,1,1,1,1,1,1,2,1,2,1,1,1,1,1,1,1,1,2,1,1,1,2,1,1,1,1,1,1,2,1,1,1,2,1,2,1,"Local or regional governmental institution","Law, policy and decision-making","Western Europe","Marine,Coastal,Freshwater,Terrestrial",1,1,1,1,1
"154",1,2,1,1,1,1,1,1,1,2,2,1,2,2,1,1,2,1,2,1,2,2,2,1,1,1,2,1,1,2,2,1,1,1,1,2,2,2,2,2,1,2,2,1,1,1,2,1,1,1,"Nongovernmental organization (NGO)","Public engagement","Western Europe","Terrestrial",0,0,0,0,1
"155",1,2,2,1,1,2,1,1,1,2,1,1,2,1,1,1,2,1,1,1,1,1,2,1,1,2,1,1,2,1,2,1,2,1,1,2,1,1,1,1,1,1,1,2,2,1,2,2,1,2,"National governmental institution","Conservation and environmental management","Other","Freshwater,Terrestrial",0,1,0,1,0
"156",1,2,1,2,1,1,1,1,2,2,2,2,2,1,1,1,1,1,2,1,1,2,1,1,2,2,1,1,1,1,1,1,1,1,1,2,1,2,2,1,1,1,2,1,1,1,1,1,1,2,"Local or regional governmental institution","Law, policy and decision-making","Western Europe","Freshwater,Terrestrial",0,1,0,1,0
"157",1,2,2,2,2,2,2,2,1,2,2,1,2,1,2,1,2,1,2,2,2,2,2,1,2,2,1,1,2,2,1,1,1,1,1,2,2,1,1,1,1,2,1,2,1,1,2,1,2,2,"Other academic research institution","Academia, research and education","Northern Europe","Marine,Coastal,Freshwater",1,1,1,1,1
"158",1,2,2,2,1,1,1,2,2,2,1,1,2,1,1,2,1,1,2,2,1,1,2,1,2,2,1,1,2,1,2,1,2,1,1,1,2,2,1,2,1,2,1,1,1,1,1,1,1,1,"University","Academia, research and education","Western Europe","Marine,Coastal,Freshwater,Terrestrial",1,1,1,0,0
"159",1,2,1,1,1,1,1,1,1,2,2,1,2,2,1,1,1,2,1,1,1,2,1,1,1,1,1,2,1,2,1,2,1,1,1,1,2,2,2,1,1,1,1,1,2,1,2,2,2,2,"National governmental institution","Law, policy and decision-making","Western Europe","Freshwater,Terrestrial",0,1,0,1,0
"160",1,2,2,2,1,2,1,1,2,2,2,1,2,1,2,2,1,2,1,1,1,1,2,1,1,1,2,2,1,1,1,2,1,2,1,2,2,1,1,1,1,2,1,1,2,1,2,2,2,2,"National governmental institution","Conservation and environmental management","Western Europe","Marine,Coastal,Terrestrial",1,0,1,1,0
"161",1,2,1,1,1,2,1,1,1,2,2,2,2,1,1,1,1,1,1,1,1,2,2,1,1,2,1,2,2,2,1,2,1,1,1,1,1,2,2,1,1,1,2,1,1,1,1,1,2,1,"National governmental institution","Law, policy and decision-making","Western Europe","Terrestrial",0,0,0,0,0
"162",1,2,2,1,1,2,1,1,2,2,2,1,2,2,1,1,2,2,1,1,1,2,1,1,1,2,2,2,1,2,2,2,1,1,1,2,2,2,2,1,1,1,1,1,1,1,2,2,1,1,"Nongovernmental organization (NGO)","Conservation and environmental management","Western Europe","Freshwater,Terrestrial",0,1,0,1,0
"163",2,2,2,2,2,2,2,2,2,1,2,1,2,1,1,1,1,1,2,2,2,2,1,1,1,1,1,1,2,1,1,1,1,1,1,2,1,2,2,2,1,1,1,1,1,1,2,2,2,2,"Other academic research institution","Academia, research and education","Northern Europe","Marine",1,0,0,1,1
"164",1,2,2,2,1,2,1,1,1,2,2,1,2,1,1,1,1,1,1,1,1,2,1,1,1,2,1,1,2,2,2,2,1,2,1,2,1,1,2,1,2,2,2,1,1,1,2,2,2,2,"University","Academia, research and education","Western Europe","Terrestrial",0,0,0,1,0
"165",1,1,2,2,1,1,1,2,2,1,1,1,2,1,1,1,1,1,1,1,2,2,2,1,1,1,1,1,1,2,1,1,1,1,1,1,1,1,1,2,1,1,1,1,1,1,1,2,2,2,"National governmental institution","Other","Northern America","Marine",1,0,0,1,1
"166",1,2,2,2,2,2,1,2,2,2,2,1,2,1,1,1,1,1,2,2,2,2,2,1,2,2,1,2,2,2,2,1,1,2,1,2,1,1,1,2,1,2,1,1,1,1,1,2,1,1,"University","Academia, research and education","Northern America","Marine,Coastal",1,0,1,1,1
"167",1,2,2,2,1,1,1,1,2,2,2,2,2,1,1,1,1,1,1,2,1,1,1,2,1,1,1,1,2,2,2,1,1,1,1,2,1,2,2,2,1,2,2,1,1,1,2,2,2,2,"Local or regional governmental institution","Academia, research and education","Western Europe","Terrestrial",0,0,0,1,0
"168",1,2,2,2,1,1,1,1,1,2,2,2,2,1,1,1,1,1,1,1,2,1,1,2,1,1,1,1,2,1,2,1,1,1,1,2,1,1,2,1,1,1,1,1,1,1,1,1,1,1,"National governmental institution","Academia, research and education","Western Europe","Freshwater",0,1,0,1,1
"169",1,2,2,2,1,1,1,1,2,2,1,2,2,1,1,1,1,2,2,2,1,1,2,1,1,2,1,1,2,1,2,2,1,2,1,2,2,2,1,2,1,2,1,2,1,1,2,2,2,1,"University","Academia, research and education","Western Europe","Freshwater",0,1,0,1,0
"170",2,2,2,2,1,1,1,1,1,2,2,1,2,2,1,1,2,1,1,1,2,2,2,2,1,2,2,2,1,2,1,2,2,1,1,2,1,2,2,2,2,1,1,2,2,2,2,2,2,2,"National governmental institution","Conservation and environmental management","Eastern Europe","Marine,Coastal,Freshwater,Terrestrial",1,1,1,1,0
"171",1,2,2,1,1,2,1,1,1,2,2,2,2,1,1,2,1,1,2,1,1,2,1,1,2,2,1,2,2,2,1,1,2,1,1,2,2,1,2,2,1,2,2,2,2,2,2,1,1,1,"National governmental institution","Conservation and environmental management","Western Europe","Freshwater,Terrestrial",0,1,0,1,0
"172",1,2,2,2,1,1,1,1,1,2,2,1,2,2,1,1,2,1,1,1,1,1,2,1,1,2,1,1,2,2,2,2,1,2,1,2,1,1,2,1,2,1,1,1,1,1,2,1,1,2,"Other","Management and administration","Western Europe","Terrestrial",0,0,0,1,0
"173",1,2,1,2,1,1,1,1,1,1,1,2,2,2,1,1,2,1,1,1,1,1,2,2,2,2,1,2,1,1,1,1,2,1,1,2,1,1,2,2,1,1,1,1,1,1,1,1,1,1,"Local or regional governmental institution","Conservation and environmental management","Western Europe","Terrestrial",0,0,0,1,1
"174",1,2,1,1,1,1,1,1,1,2,2,1,2,1,2,2,2,1,1,1,2,2,2,1,1,2,1,1,1,1,1,2,2,1,1,2,1,1,1,1,1,1,2,1,1,1,1,1,1,1,"Local or regional governmental institution","Conservation and environmental management","Western Europe","Freshwater,Terrestrial",0,1,0,1,1
"175",1,2,1,2,1,1,1,1,1,2,1,2,2,1,1,1,1,1,2,1,1,1,2,1,1,2,1,1,1,1,1,2,1,1,1,2,1,1,1,1,1,1,1,1,1,1,2,2,1,1,"Local or regional governmental institution","Conservation and environmental management","Western Europe","Terrestrial",0,0,0,1,0
"176",2,2,2,2,1,1,1,1,1,2,2,1,2,2,2,1,1,1,1,1,2,2,2,1,1,1,2,1,2,2,1,1,1,1,1,2,2,2,1,1,1,2,1,1,1,1,2,2,2,1,"Other academic research institution","Academia, research and education","Western Europe","Terrestrial",0,0,0,0,1
"177",1,2,2,1,2,2,1,1,1,1,1,1,2,1,2,1,1,1,2,2,1,1,1,1,2,1,1,1,2,2,2,1,2,1,1,2,1,1,2,2,1,1,1,1,1,1,1,2,1,1,"University","Academia, research and education","Western Europe","Marine,Coastal,Freshwater,Terrestrial",1,1,1,1,0
"178",1,2,1,1,1,1,1,1,1,2,2,2,2,2,1,1,2,1,1,1,1,1,1,2,2,2,1,1,1,1,1,2,1,1,1,2,1,2,1,1,1,2,2,1,1,2,1,2,2,2,"Local or regional governmental institution","Conservation and environmental management","Western Europe","Freshwater,Terrestrial",0,1,0,1,0
"179",2,2,2,2,2,2,1,1,1,2,2,1,2,1,1,1,1,1,2,1,2,1,2,1,1,2,1,1,2,1,1,2,1,2,1,1,2,1,2,2,1,2,1,1,1,2,1,1,1,1,"Other academic research institution","Academia, research and education","Western Europe","Marine,Coastal",1,0,1,1,0
"180",1,2,2,2,2,2,2,2,2,1,1,2,2,1,1,2,1,1,2,1,2,1,2,2,2,2,1,1,2,2,2,2,2,2,2,2,1,2,2,1,1,2,1,1,1,1,2,1,1,1,"Local or regional governmental institution","Conservation and environmental management","Western Europe","Marine,Coastal",1,0,1,1,1
"181",1,2,2,1,1,1,1,1,1,2,2,2,2,1,1,2,1,1,1,1,2,1,2,2,1,2,1,2,2,1,1,2,2,2,1,2,2,1,2,1,1,1,1,1,1,1,1,1,1,1,"Local or regional governmental institution","Conservation and environmental management","Western Europe","Marine,Coastal",1,0,1,1,1
"182",1,2,1,2,1,1,1,1,1,2,1,2,2,1,1,1,1,1,2,1,1,1,2,1,1,2,2,2,1,1,1,2,2,1,1,2,1,2,1,2,1,2,2,1,1,1,2,1,1,2,"National governmental institution","Law, policy and decision-making","Northern Europe","Marine,Coastal,Freshwater",1,1,1,0,1
"183",1,2,1,1,1,1,1,1,1,1,1,1,2,2,1,1,1,2,1,1,1,1,1,1,1,2,1,2,1,1,1,2,2,1,1,1,2,1,2,1,1,2,2,1,1,1,1,1,1,2,"Local or regional governmental institution","Law, policy and decision-making","Western Europe","Freshwater,Terrestrial",0,1,0,1,0
"184",1,2,2,2,1,1,1,1,1,1,1,1,2,1,1,1,1,1,1,1,2,1,1,1,1,1,1,1,2,1,1,1,1,1,1,1,1,1,1,2,1,1,2,2,2,2,2,2,2,2,"University","Academia, research and education","Southern Europe","Terrestrial",0,0,0,0,1
"185",1,2,2,2,2,2,2,2,2,2,2,2,2,2,2,2,2,2,2,2,2,2,2,2,1,2,2,2,2,1,1,2,2,2,1,2,1,1,1,2,1,1,1,1,1,1,1,1,1,1,"Other academic research institution","Conservation and environmental management","Southern Europe","Marine,Coastal",1,0,1,1,1
"186",1,2,2,1,2,2,1,1,1,1,1,1,2,1,1,2,1,1,1,1,1,1,1,1,2,1,1,1,2,1,1,2,1,1,1,1,1,1,2,1,1,2,2,1,1,2,1,1,1,2,"Local or regional governmental institution","Academia, research and education","Asia","Marine,Coastal",1,0,1,1,0
"187",1,1,2,1,1,1,1,1,1,1,1,1,2,1,1,1,1,1,2,1,1,1,1,2,2,2,1,2,2,1,2,1,1,2,1,2,1,1,2,2,1,2,2,1,1,2,2,1,1,2,"National governmental institution","Academia, research and education","Africa","Marine,Coastal",1,0,1,1,0
"188",1,2,1,1,1,2,2,2,2,1,1,1,2,1,1,1,1,1,1,1,2,1,1,1,1,2,2,1,2,1,1,1,1,2,1,1,1,2,1,2,1,1,1,1,1,1,2,2,2,1,"European Union and its agencies","Academia, research and education","Southern Europe","Marine,Coastal",1,0,1,1,1
"189",1,2,2,2,1,1,1,1,1,1,2,2,2,1,2,1,2,1,2,2,2,2,1,1,1,1,1,1,2,2,2,1,1,1,1,2,2,2,1,1,1,2,2,1,1,1,2,1,1,1,"University","Academia, research and education","Western Europe","Freshwater,Terrestrial",0,1,0,0,1
"190",1,2,2,2,1,1,1,1,2,2,2,2,2,1,2,1,1,1,2,1,2,2,2,1,2,1,1,1,1,1,1,1,1,1,1,2,1,1,1,1,1,2,2,1,1,2,2,1,2,1,"Business and Industry","Other","Western Europe","Marine,Coastal,Freshwater,Terrestrial",1,1,1,1,1
"191",2,1,2,2,2,2,1,1,1,2,2,1,2,2,1,2,1,1,1,1,2,1,1,1,1,1,1,2,2,1,1,2,1,1,1,2,2,2,1,2,1,2,2,2,2,1,2,2,1,2,"University","Academia, research and education","Latin America & Caribbean","Coastal,Freshwater",0,1,1,0,1
"192",1,2,2,2,1,2,1,1,1,2,2,1,2,1,1,1,2,1,1,1,1,1,2,1,1,2,1,2,2,2,2,1,1,2,1,2,1,2,2,2,1,2,1,1,2,2,2,2,2,2,"National governmental institution","Conservation and environmental management","Other","Terrestrial",0,0,0,1,1
"193",2,2,2,1,2,2,1,1,1,2,2,1,2,1,1,1,2,1,1,1,1,2,1,2,2,2,1,2,2,1,1,1,2,1,1,2,1,1,1,2,2,2,1,1,1,2,2,1,1,2,"University","Conservation and environmental management","Southern Europe","Marine,Coastal",1,0,1,1,0
"194",1,2,2,2,2,2,2,2,2,1,2,1,2,1,1,1,2,2,2,2,2,2,1,1,1,1,1,1,2,2,2,1,1,1,1,1,1,2,1,2,1,2,1,1,2,1,2,2,2,2,"University","Academia, research and education","Western Europe","Marine",1,0,0,1,1
"195",2,2,1,2,1,1,2,2,1,2,1,1,2,1,2,1,2,1,1,1,1,1,2,2,1,2,1,1,1,1,1,2,2,1,1,2,1,1,1,2,1,1,1,2,2,1,2,2,2,2,"National governmental institution","Data management","Western Europe","Marine,Coastal",1,0,1,1,1
"196",1,2,1,1,1,2,1,1,1,2,2,1,2,1,1,1,1,1,1,1,1,1,1,1,1,1,1,1,2,1,1,1,1,1,1,1,2,1,2,1,1,1,1,1,1,1,1,2,2,2,"Other academic research institution","Academia, research and education","Western Europe","Terrestrial",0,0,0,0,0
"197",1,2,2,1,1,1,1,1,1,1,2,1,2,1,1,1,2,1,1,1,1,1,1,1,1,1,1,1,2,1,1,1,1,1,1,1,1,2,1,2,1,2,2,2,2,1,2,2,2,2,"National governmental institution","Academia, research and education","Western Europe","Marine",1,0,0,0,0
"198",2,2,2,2,1,2,1,1,1,2,2,1,2,1,1,1,1,1,2,2,2,2,2,1,1,1,1,1,2,2,2,1,1,2,1,1,2,2,2,2,1,1,1,2,2,1,2,2,2,1,"University","Academia, research and education","Western Europe","Freshwater",0,1,0,0,1
"199",1,2,2,2,1,1,1,1,2,1,2,1,2,1,1,1,1,1,1,1,1,1,1,1,1,2,1,1,2,1,2,1,2,1,1,2,1,2,2,1,1,1,1,1,1,1,1,1,1,1,"University","Academia, research and education","Western Europe","Terrestrial",0,0,0,0,1
"200",1,2,2,1,1,1,2,2,1,2,1,1,2,1,1,2,1,1,1,1,1,1,1,1,2,2,1,1,2,1,1,1,1,1,1,2,1,2,2,1,1,1,1,1,1,1,2,1,1,1,"Other academic research institution","Academia, research and education","Southern Europe","Marine,Coastal",1,0,1,1,0
"201",1,2,1,1,1,1,1,1,1,1,1,1,1,2,1,1,1,2,1,1,2,1,2,1,2,2,1,2,1,2,2,2,2,1,2,2,1,1,1,2,1,2,2,2,2,2,2,2,2,2,"Local association","Conservation and environmental management","Africa","Marine,Coastal,Freshwater,Terrestrial",1,1,1,1,0
"202",2,2,2,2,2,2,1,2,1,2,2,1,2,1,2,2,2,2,2,2,1,2,2,2,2,2,2,2,2,1,1,2,2,2,1,2,2,2,2,1,1,1,1,2,2,2,2,2,1,2,"National governmental institution","Management and administration","Western Asia","Marine,Coastal,Freshwater",1,1,1,1,1
"203",1,2,2,2,1,1,1,1,1,2,1,1,2,1,1,2,1,1,1,1,2,1,2,1,2,2,1,1,2,2,1,2,2,1,1,2,1,1,2,1,1,2,2,1,1,1,2,1,1,2,"National governmental institution","Academia, research and education","Western Asia","Marine,Coastal,Freshwater",1,1,1,1,1
"204",2,2,2,2,2,2,2,2,1,2,2,2,2,2,2,2,1,1,2,2,2,2,2,2,2,2,1,1,2,1,2,1,1,2,1,2,2,2,1,2,1,1,1,1,1,1,1,1,1,1,"Other academic research institution","Academia, research and education","Western Europe","Marine,Coastal",1,0,1,1,1
"205",1,1,1,2,1,1,2,1,1,2,2,2,2,2,2,1,2,2,2,2,1,2,2,2,2,2,2,2,1,2,1,2,2,1,1,1,2,2,1,2,1,1,1,1,2,2,2,1,1,2,"National governmental institution","Law, policy and decision-making","Northern Europe","Marine",1,0,0,1,0
"206",1,2,2,2,1,1,1,1,1,1,1,1,1,1,1,1,1,1,2,1,2,2,1,1,1,2,1,1,2,1,2,1,1,1,1,2,1,1,2,1,1,1,2,1,1,1,1,1,1,1,"University","Conservation and environmental management","Western Europe","Freshwater,Terrestrial",0,1,0,1,0
"207",1,2,1,2,1,2,1,1,1,1,2,1,2,1,2,2,2,2,1,1,2,2,2,2,2,2,2,2,1,2,1,2,2,2,1,2,1,1,2,2,1,2,2,1,2,1,1,2,2,2,"Local or regional governmental institution","Conservation and environmental management","Western Europe","Freshwater,Terrestrial",0,1,0,1,1
"208",1,2,2,2,1,1,1,1,1,1,1,1,2,1,1,1,1,1,2,2,1,1,1,1,1,1,1,1,2,1,1,1,1,1,1,1,1,1,2,2,1,1,1,1,1,1,1,1,1,1,"University","Academia, research and education","Southern Europe","Marine,Coastal",1,0,1,1,0
"209",2,2,1,2,1,1,1,1,2,2,2,1,2,1,1,2,1,1,1,1,1,1,1,1,2,2,1,2,1,1,1,2,2,1,1,1,1,1,1,2,1,1,1,1,1,1,1,1,1,2,"National governmental institution","Law, policy and decision-making","Other","Marine,Terrestrial",1,0,0,1,1
"210",1,2,2,2,2,2,2,1,1,1,1,1,2,1,1,1,2,2,1,1,1,2,1,1,2,2,1,1,2,1,2,1,1,2,1,2,2,1,1,2,1,2,1,2,2,2,2,2,2,2,"Other academic research institution","Academia, research and education","Southern Europe","Marine",1,0,0,1,1
"211",2,2,2,2,2,1,2,2,2,2,2,2,2,1,1,1,2,2,2,2,2,2,2,1,2,2,1,1,2,1,1,1,1,2,1,2,1,2,2,2,1,1,1,1,1,1,1,1,1,1,"National governmental institution","Academia, research and education","Western Asia","Marine,Coastal,Freshwater",1,1,1,1,1
"212",2,2,2,2,2,2,1,1,2,2,2,1,2,2,2,2,2,2,2,1,2,2,2,2,2,2,2,2,2,2,2,2,1,2,1,2,2,2,2,2,1,1,1,1,1,1,1,1,1,2,"Other academic research institution","Academia, research and education","Southern Europe","Marine,Coastal,Freshwater,Terrestrial",1,1,1,1,1
"213",1,2,2,2,1,1,1,1,2,2,2,2,2,1,1,2,2,2,2,2,2,2,2,2,2,2,2,2,2,2,2,2,2,2,1,1,1,2,1,2,1,2,2,1,1,1,2,1,1,2,"Local or regional governmental institution","Management and administration","Western Europe","Marine,Coastal,Terrestrial",1,0,1,1,0
"214",1,2,1,1,1,1,1,1,1,1,2,1,1,1,1,1,2,1,1,1,1,2,1,2,2,2,1,1,1,1,1,2,1,2,1,2,1,1,2,1,1,1,1,1,2,1,1,2,1,2,"Local or regional governmental institution","Management and administration","Western Europe","Freshwater,Terrestrial",0,1,0,1,0
"215",1,2,2,1,1,1,1,1,1,1,1,1,2,1,1,1,1,1,1,1,1,1,1,1,1,1,1,1,2,1,1,1,1,2,1,1,1,1,1,2,1,1,1,2,1,1,1,1,1,1,"University","Academia, research and education","Western Asia","Marine,Coastal",1,0,1,0,0
"216",1,2,2,2,1,2,1,1,2,2,2,2,2,2,1,1,2,2,2,1,2,1,2,2,1,2,1,2,2,2,2,2,2,1,1,1,2,2,1,2,1,2,1,2,1,1,2,2,1,2,"Nongovernmental organization (NGO)","Conservation and environmental management","Western Asia","Marine,Coastal,Freshwater,Terrestrial",1,1,1,1,1
"217",1,2,2,2,1,1,1,1,1,2,2,2,2,1,1,1,2,2,1,1,2,1,2,1,1,2,1,2,1,1,1,2,2,1,1,2,1,1,2,1,1,1,1,2,1,1,2,2,1,2,"National governmental institution","Conservation and environmental management","Eastern Europe","Marine,Coastal,Freshwater,Terrestrial",1,1,1,1,0
"218",2,2,2,1,2,1,1,1,1,2,2,1,2,1,1,1,1,1,1,2,1,1,2,1,1,1,1,1,2,1,1,1,1,1,1,1,1,2,2,2,1,2,1,2,2,1,2,1,1,2,"University","Academia, research and education","Northern Europe","Marine",1,0,0,1,0
"219",1,1,2,1,1,1,1,1,1,1,1,1,2,1,1,1,1,1,2,2,1,1,1,1,1,1,1,1,2,1,1,1,1,1,1,1,1,1,1,2,1,1,1,2,1,1,1,1,1,2,"National governmental institution","Academia, research and education","Western Europe","Marine",1,0,0,1,0
"220",1,1,1,2,1,2,1,1,2,2,1,2,2,1,1,1,1,1,2,1,2,2,1,1,2,2,1,2,2,1,1,2,2,2,1,1,1,2,1,2,1,1,1,1,2,1,2,2,2,1,"National governmental institution","Data management","Western Europe","Marine,Coastal,Freshwater,Terrestrial",1,1,1,1,1
"221",1,2,2,2,2,2,2,1,1,1,2,1,2,1,1,1,1,1,2,2,2,2,2,1,2,2,2,1,2,1,1,2,1,2,1,2,2,2,2,2,1,1,1,2,2,1,2,2,1,2,"Other academic research institution","Academia, research and education","Other","Marine",1,0,0,1,0
"222",2,2,1,2,1,1,1,1,1,1,1,1,1,1,1,1,2,1,1,1,2,1,1,1,1,1,2,1,1,2,1,1,1,2,1,1,1,1,1,2,1,2,1,2,2,1,1,2,2,2,"European Union and its agencies","Media and communication","Northern Europe","Marine,Coastal,Freshwater,Terrestrial",1,1,1,1,1
"223",1,1,2,1,1,1,1,2,1,1,1,1,2,1,1,1,1,1,2,2,1,2,1,1,1,1,1,1,2,1,1,1,1,1,1,1,1,1,1,1,1,1,1,1,1,1,1,2,1,2,"National governmental institution","Academia, research and education","Western Europe","Marine",1,0,0,0,0
"224",1,1,2,1,1,1,1,1,1,1,2,2,1,1,1,1,1,1,2,2,2,1,1,1,1,1,1,1,2,1,1,1,1,1,1,2,2,2,2,1,1,1,1,1,1,1,1,1,1,2,"National governmental institution","Academia, research and education","Western Europe","Terrestrial",0,0,0,1,0
"225",1,2,2,2,2,2,2,2,1,2,2,1,2,1,2,2,2,1,1,1,1,2,2,1,1,2,2,2,2,1,1,1,2,2,1,2,1,2,1,1,1,1,1,1,1,1,2,2,2,2,"National governmental institution","Conservation and environmental management","Western Europe","Marine,Coastal,Freshwater",1,1,1,1,0
"226",2,2,2,2,1,2,1,1,2,2,2,1,2,1,1,1,2,2,2,2,2,2,1,1,1,2,2,1,2,1,1,2,1,2,1,2,1,2,2,2,1,2,1,1,2,2,2,2,1,2,"Nongovernmental organization (NGO)","Academia, research and education","Western Europe","Terrestrial",0,0,0,1,1
"227",1,1,2,2,1,1,1,2,1,1,2,1,2,1,1,1,1,1,1,1,2,2,1,1,2,1,1,1,2,1,1,1,1,1,1,1,1,1,1,2,1,1,1,1,1,1,1,1,2,2,"National governmental institution","Academia, research and education","Western Europe","Marine",1,0,0,1,1
"228",2,2,2,2,1,1,1,1,1,1,2,2,2,1,1,1,1,1,2,2,1,2,2,1,1,1,1,1,2,1,1,1,1,2,1,2,1,2,2,2,1,2,1,1,2,2,2,2,2,2,"National governmental institution","Academia, research and education","Western Europe","Marine",1,0,0,0,0
"229",2,1,2,2,1,1,1,1,1,1,2,1,2,1,1,1,2,1,1,1,1,1,1,1,1,1,1,1,2,2,1,1,1,1,1,2,1,1,2,1,1,2,2,2,1,1,2,1,2,2,"University","Academia, research and education","Southern Europe","Marine",1,0,0,0,0
"230",1,2,2,1,1,1,1,2,2,2,1,1,1,1,1,2,1,1,1,1,1,1,1,1,1,1,1,1,2,1,1,1,1,1,1,1,1,1,2,1,1,2,2,2,1,2,1,1,1,1,"National governmental institution","Other","Western Europe","Marine,Coastal",1,0,1,1,0
"231",1,2,2,1,2,2,1,1,1,2,2,1,2,1,1,1,2,1,1,1,1,1,1,1,1,1,1,1,2,1,1,1,1,1,1,2,2,1,1,2,1,1,1,1,1,1,1,1,1,1,"Other academic research institution","Academia, research and education","Southern Europe","Marine",1,0,0,1,1
"232",1,1,2,1,1,1,2,1,2,2,2,1,2,1,1,1,1,1,1,1,1,1,1,1,2,1,1,2,1,1,1,1,1,2,1,1,1,1,1,2,1,1,1,1,1,1,1,1,1,1,"Local or regional governmental institution","Academia, research and education","Western Europe","Marine,Coastal",1,0,1,1,0
"233",1,2,1,1,1,1,1,1,1,2,2,1,2,2,1,1,2,2,2,2,2,2,1,1,2,1,1,2,2,2,1,1,1,2,1,1,2,2,1,1,1,1,1,1,1,1,1,1,1,2,"University","Conservation and environmental management","Western Europe","Marine,Coastal",1,0,1,1,0
"234",1,2,2,1,1,1,1,1,1,1,1,1,2,1,1,1,1,1,1,1,1,1,1,1,1,1,1,1,2,1,1,1,1,1,1,1,1,1,1,1,2,2,1,2,1,1,2,2,1,1,"Other academic research institution","Academia, research and education","Western Europe","Marine,Coastal",1,0,1,1,1
"235",2,2,2,2,1,1,2,1,1,1,1,1,2,1,1,1,2,1,2,2,1,1,1,1,1,1,1,2,2,1,1,1,1,2,1,2,1,1,2,2,1,2,2,2,1,1,2,2,2,2,"National governmental institution","Academia, research and education","Southern Europe","Marine",1,0,0,0,0
"236",2,2,1,2,1,1,2,2,1,2,2,2,2,1,1,1,1,2,2,2,2,1,2,1,1,1,1,1,2,1,1,1,1,1,1,2,1,1,1,2,1,2,2,1,1,1,1,2,2,1,"National governmental institution","Data management","Southern Europe","Marine",1,0,0,1,1
"237",2,2,2,2,2,2,2,1,1,2,2,1,2,1,2,2,2,2,2,2,1,2,2,2,2,2,2,2,2,1,2,2,2,1,1,2,1,2,2,1,1,1,1,1,1,1,1,1,1,1,"National governmental institution","Other","Southern Europe","Marine,Coastal",1,0,1,1,0
"238",1,2,1,2,1,1,1,1,2,2,2,2,2,1,1,2,2,1,2,1,1,1,2,1,2,1,1,1,2,2,2,1,1,1,1,1,1,2,1,2,1,1,1,1,1,1,1,1,1,1,"Other academic research institution","Management and administration","Northern Europe","Marine,Coastal,Freshwater,Terrestrial",1,1,1,1,1
"239",2,2,2,2,1,1,2,1,1,2,2,1,2,1,1,1,1,2,1,2,1,1,2,1,2,1,1,1,2,1,1,2,1,2,1,2,1,2,2,2,1,1,1,2,1,2,1,2,2,2,"National governmental institution","Conservation and environmental management","Southern Europe","Marine,Coastal",1,0,1,1,1
"240",1,2,1,1,1,2,1,1,1,2,1,2,2,2,1,1,2,1,2,1,1,1,1,1,2,2,2,2,1,1,1,2,2,1,1,1,2,2,1,2,1,1,2,2,2,2,2,2,1,2,"National governmental institution","Law, policy and decision-making","Other","Marine,Coastal",1,0,1,1,0
"241",2,2,2,2,1,1,1,1,1,2,2,1,2,1,1,1,1,1,1,1,1,1,2,1,1,2,1,1,1,1,1,1,2,1,1,1,1,1,1,2,1,1,1,1,2,2,1,1,1,1,"Local or regional governmental institution","Management and administration","Western Europe","Terrestrial",0,0,0,1,0
"242",2,2,2,2,1,2,1,2,2,2,2,1,2,1,1,2,1,1,1,1,2,2,1,2,2,2,1,1,2,1,2,1,1,2,1,2,1,1,2,1,1,2,2,2,2,1,2,1,1,1,"National governmental institution","Academia, research and education","Southern Europe","Marine,Coastal,Freshwater",1,1,1,1,1
"243",1,2,2,1,1,1,1,2,2,1,2,1,2,2,1,1,1,1,1,1,1,1,2,1,1,1,1,1,2,1,1,1,1,1,1,2,2,1,1,1,1,1,1,1,1,1,2,1,1,1,"National governmental institution","Academia, research and education","Western Europe","Marine,Coastal",1,0,1,1,0
"244",1,2,2,1,1,1,2,2,1,2,2,1,2,2,2,1,2,1,1,1,1,1,1,1,2,2,1,1,2,2,2,1,2,1,1,2,1,1,1,2,1,1,1,2,1,2,2,2,2,1,"Nongovernmental organization (NGO)","Conservation and environmental management","Southern Europe","Marine,Coastal",1,0,1,1,0
"245",1,2,1,1,1,1,1,1,1,2,1,2,2,1,1,2,2,2,2,2,1,2,2,1,1,2,1,2,1,1,1,1,1,1,1,1,1,1,1,2,2,2,2,2,1,1,2,2,2,1,"National governmental institution","Conservation and environmental management","Western Europe","Marine,Coastal,Freshwater,Terrestrial",1,1,1,1,0
"246",1,2,2,2,2,2,2,2,2,2,2,2,2,1,1,2,2,1,2,2,1,2,1,1,1,1,2,2,2,1,1,1,1,2,1,2,1,1,1,1,2,2,1,2,2,1,2,2,1,1,"National governmental institution","Other","Western Europe","Marine",1,0,0,1,1
"247",2,2,2,2,1,1,1,1,2,2,1,1,2,1,1,1,1,1,1,1,1,1,1,1,1,1,1,1,2,2,2,1,1,1,1,1,1,1,1,1,1,2,2,1,1,1,2,1,1,1,"University","Academia, research and education","Western Europe","Terrestrial",0,0,0,1,1
"248",2,1,1,2,2,2,2,2,1,1,1,1,2,1,1,1,1,1,2,1,1,2,2,1,1,1,1,1,2,1,1,1,1,2,1,1,1,1,2,2,1,2,1,1,1,1,1,1,1,1,"Other academic research institution","Conservation and environmental management","Southern Europe","Marine",1,0,0,1,0
"249",1,2,2,2,2,2,2,2,2,2,2,1,2,1,1,1,1,1,2,2,1,1,1,1,1,1,1,1,2,2,1,1,1,1,1,2,1,1,2,2,1,2,2,1,1,1,1,1,1,1,"Other academic research institution","Academia, research and education","Southern Europe","Marine,Coastal",1,0,1,1,1
"250",1,2,2,2,1,2,1,1,1,2,1,1,2,1,1,1,1,1,2,1,1,1,1,1,2,2,1,1,2,2,1,1,2,1,1,1,1,1,1,2,1,1,1,1,1,1,1,1,1,1,"National governmental institution","Conservation and environmental management","Southern Europe","Terrestrial",0,0,0,1,1
"251",1,2,2,2,2,1,1,2,2,2,1,1,2,1,1,1,1,1,1,1,1,1,1,1,1,1,1,2,2,1,1,1,2,1,1,2,1,1,1,2,1,1,1,1,1,1,1,2,2,1,"Other academic research institution","Academia, research and education","Western Europe","Marine",1,0,0,1,0
"252",1,2,1,1,1,1,1,1,1,1,1,1,1,1,1,1,1,1,1,1,2,1,1,1,1,1,1,1,2,1,1,1,1,1,1,1,2,1,1,1,1,2,2,1,1,1,1,1,1,1,"University","Conservation and environmental management","Western Europe","Marine",1,0,0,0,0
"253",1,2,2,1,1,1,1,1,1,1,2,1,2,1,1,2,1,2,2,1,1,2,1,1,1,1,1,1,2,2,1,1,1,2,1,1,1,1,1,1,1,2,1,1,1,1,1,2,2,2,"National governmental institution","Academia, research and education","Western Europe","Marine,Coastal",1,0,1,1,1
"254",2,2,2,2,2,2,1,1,2,2,1,1,2,1,1,2,2,1,2,1,1,2,1,2,1,2,1,2,2,1,2,2,2,1,1,2,1,1,1,2,1,2,2,1,2,1,2,2,2,2,"Other academic research institution","Data management","Western Europe","Marine,Coastal",1,0,1,1,1
"255",1,1,2,2,2,2,1,1,1,2,2,1,2,1,1,1,1,2,2,2,1,1,1,2,1,1,1,1,2,1,1,1,1,2,1,1,2,1,1,2,1,2,2,1,2,2,1,2,1,1,"University","Conservation and environmental management","Southern Europe","Freshwater",0,1,0,1,1
"256",2,2,1,2,1,1,1,1,1,2,2,2,2,2,1,1,2,2,1,1,2,2,1,1,1,1,2,2,1,1,1,2,1,1,2,2,1,2,1,1,1,1,1,1,2,2,2,2,2,2,"Business and Industry","Data management","Western Europe","Coastal,Terrestrial",0,0,1,1,1
"257",1,2,2,2,2,2,1,2,2,1,1,2,2,1,1,1,1,1,2,2,2,1,2,1,1,2,1,2,2,2,2,2,1,1,1,2,1,2,2,2,1,2,2,1,1,1,1,1,1,1,"Other academic research institution","Academia, research and education","Western Europe","Marine",1,0,0,1,0
"258",2,2,1,1,1,1,1,1,1,1,2,1,2,1,2,2,2,1,1,1,2,2,1,1,1,2,1,1,2,1,1,1,1,1,1,1,1,1,1,1,1,2,2,2,1,1,2,1,2,2,"National governmental institution","Academia, research and education","Western Europe","Marine,Coastal",1,0,1,1,1
"259",1,2,2,2,1,2,2,2,2,1,1,2,2,1,1,2,2,1,2,2,1,1,1,1,1,2,2,2,2,2,1,1,2,1,1,2,1,2,2,2,1,2,2,1,1,1,2,2,1,2,"National governmental institution","Academia, research and education","Western Europe","Marine,Coastal",1,0,1,1,1
"260",1,2,2,2,2,2,1,1,1,1,1,2,2,2,1,2,1,2,2,1,1,1,1,1,2,2,1,1,2,2,2,2,1,1,2,2,2,1,2,2,1,2,1,2,2,1,2,1,2,2,"International organization","Product development and construction","Africa","Marine,Coastal",1,0,1,1,0
"261",1,2,1,1,1,1,1,1,1,2,2,1,2,1,1,1,1,1,1,1,1,1,1,1,1,1,2,2,1,2,1,2,1,1,1,2,1,1,2,2,1,2,2,2,1,2,2,2,2,1,"Nongovernmental organization (NGO)","Law, policy and decision-making","Western Europe","Terrestrial",0,0,0,1,1
"262",1,2,1,1,1,1,1,1,1,2,1,1,2,2,2,2,2,2,1,1,1,2,2,1,1,2,2,2,1,1,1,2,1,2,1,2,1,2,2,2,1,1,1,1,1,1,2,1,2,1,"National governmental institution","Law, policy and decision-making","Western Europe","Marine,Coastal",1,0,1,1,1
"263",2,2,2,2,2,2,2,2,2,2,1,1,2,1,1,1,1,1,1,1,2,2,1,2,2,1,1,1,2,2,1,2,2,2,1,1,2,1,2,2,1,1,1,2,1,1,1,2,1,1,"Other academic research institution","Academia, research and education","Southern Europe","Marine,None of these",1,0,0,1,1
"264",1,2,1,1,1,1,1,1,1,2,2,1,2,1,1,1,1,2,1,2,2,2,2,1,2,1,2,1,2,2,1,1,1,2,1,2,2,1,1,1,1,1,2,1,1,1,2,1,1,1,"National governmental institution","Conservation and environmental management","Western Europe","Marine,Coastal",1,0,1,0,1
"265",1,2,2,1,1,1,1,1,1,2,2,1,2,1,1,1,1,2,1,1,1,1,1,1,2,1,1,1,2,1,1,1,1,2,1,1,1,2,1,2,1,2,1,1,1,2,1,2,2,1,"National governmental institution","Academia, research and education","Southern Europe","Terrestrial",0,0,0,1,0
"266",1,2,2,1,1,2,1,1,1,2,2,2,2,1,1,1,1,2,1,2,1,1,1,1,2,2,1,2,2,1,2,1,2,1,1,1,2,1,1,1,1,2,1,2,1,1,2,2,2,2,"National governmental institution","Conservation and environmental management","Southern Europe","Freshwater",0,1,0,1,1
"267",1,2,1,1,1,1,2,2,2,1,1,1,2,1,1,1,1,1,1,1,1,1,2,1,1,1,1,2,1,1,1,2,1,1,1,1,2,2,2,1,1,1,1,1,1,1,1,1,1,1,"National governmental institution","Law, policy and decision-making","Western Europe","Marine,Coastal",1,0,1,1,0
"268",2,2,2,2,1,1,2,1,2,2,1,1,2,1,1,2,1,1,1,1,1,2,2,2,2,2,2,2,2,1,1,2,2,2,1,2,1,1,2,1,1,2,1,1,1,1,1,1,1,2,"National governmental institution","Conservation and environmental management","Southern Europe","Marine,Coastal",1,0,1,1,1
"269",1,2,1,1,1,2,1,1,1,2,1,1,2,1,1,1,1,1,1,1,2,1,2,1,1,2,1,1,2,1,1,1,2,2,1,1,2,2,1,2,1,2,2,2,1,2,2,1,1,2,"Other academic research institution","Conservation and environmental management","Southern Europe","Coastal,Freshwater,Terrestrial",0,1,1,1,0
"270",1,2,2,2,1,1,1,1,1,2,2,1,2,1,1,1,1,1,1,2,1,1,1,1,1,1,1,1,2,2,2,1,1,1,1,2,1,2,2,1,1,1,1,1,1,1,2,1,2,2,"University","Academia, research and education","Northern Europe","Marine,Coastal",1,0,1,1,0
"271",1,2,2,2,2,2,2,2,1,2,2,1,2,1,1,1,1,1,1,2,1,2,1,1,2,1,1,2,2,2,2,1,1,2,1,1,1,2,1,2,1,1,1,1,1,1,1,1,1,1,"National governmental institution","Academia, research and education","Western Europe","Marine",1,0,0,1,0
"272",1,1,2,1,1,1,1,2,1,2,1,1,2,1,2,1,1,1,1,1,1,1,1,1,1,1,1,1,2,2,1,1,1,1,1,1,1,1,1,2,1,2,1,1,1,1,1,1,1,1,"Local association","Academia, research and education","Western Europe","Marine",1,0,0,1,0
"273",1,2,1,2,1,1,1,1,1,2,2,1,2,1,2,2,1,2,2,2,2,2,2,2,2,2,1,2,1,1,1,2,1,1,1,2,2,2,2,2,1,2,2,2,2,1,2,2,2,2,"Other","Conservation and environmental management","Western Europe","Marine,Coastal",1,0,1,1,0
"274",1,2,1,1,1,1,1,1,1,1,2,1,2,1,1,1,1,1,1,1,2,1,1,1,1,1,1,1,2,1,1,1,1,1,1,1,1,1,1,1,2,1,1,1,1,1,2,2,2,2,"National governmental institution","Data management","Southern Europe","Marine,Coastal,Freshwater,Terrestrial",1,1,1,1,1
"275",1,2,2,2,1,2,1,1,1,2,2,1,2,1,1,1,1,1,1,1,1,1,1,1,1,2,1,1,2,1,1,1,1,2,1,1,1,1,1,2,1,1,1,1,1,1,1,2,2,1,"University","Academia, research and education","Southern Europe","Terrestrial",0,0,0,1,0
"276",2,2,2,2,1,1,1,1,1,1,2,1,2,2,1,1,1,2,2,2,2,2,1,1,2,1,1,1,2,2,2,1,1,2,1,2,2,2,2,2,2,2,1,1,1,1,1,2,2,1,"Other","Other","Southern Europe","Marine,Coastal",1,0,1,1,1
"277",2,2,2,2,1,2,1,1,1,2,1,2,2,1,1,1,1,1,1,2,1,1,1,1,1,1,2,1,2,1,2,1,1,1,2,1,2,2,1,2,1,1,1,1,1,2,1,2,1,1,"Other academic research institution","Academia, research and education","Western Asia","Marine,Coastal,Freshwater,Terrestrial",1,1,1,1,0
"278",1,2,2,2,1,2,1,1,2,2,2,1,2,1,1,1,1,2,2,1,2,1,2,2,2,2,1,1,2,2,2,1,2,2,1,2,1,2,2,2,1,2,2,1,1,1,2,2,1,1,"University","Academia, research and education","Southern Europe","Marine,Coastal,Terrestrial",1,0,1,1,1
"279",2,2,1,1,2,2,2,1,1,2,2,1,2,1,1,1,2,1,1,1,2,1,2,1,1,1,2,2,2,1,1,2,1,2,1,1,1,2,1,1,1,1,1,1,1,1,1,1,2,1,"National governmental institution","Academia, research and education","Western Europe","Coastal",0,0,1,1,1
"280",1,2,2,1,1,1,1,1,1,2,2,1,2,2,1,2,1,2,1,1,2,2,1,1,1,1,2,2,1,2,1,2,2,1,1,2,2,1,2,1,1,2,1,1,2,1,2,1,2,1,"Nongovernmental organization (NGO)","Conservation and environmental management","Other","Marine,Coastal",1,0,1,1,0
"281",1,2,2,1,2,2,1,2,2,2,2,1,2,1,1,2,2,2,2,1,2,2,1,1,1,1,1,1,2,1,2,1,1,1,2,1,1,2,1,2,1,2,1,1,1,1,1,1,1,1,"National governmental institution","Academia, research and education","Latin America & Caribbean","Marine,Coastal",1,0,1,1,1
"282",1,2,2,2,1,1,1,1,1,1,1,1,2,1,1,1,1,1,2,2,1,1,1,1,1,2,1,2,1,1,1,2,1,1,1,2,1,1,2,1,1,1,1,1,1,1,1,1,1,1,"Local or regional governmental institution","Conservation and environmental management","Southern Europe","Freshwater",0,1,0,0,0
"283",1,2,2,1,1,1,1,1,1,2,1,1,2,1,1,1,1,1,1,1,1,1,2,1,1,1,1,1,2,1,1,1,1,1,1,2,1,2,2,2,1,1,1,1,1,1,1,1,1,2,"National governmental institution","Academia, research and education","Western Europe","Marine,Coastal",1,0,1,1,0
"284",1,2,2,1,1,1,2,2,2,1,1,1,2,1,1,2,1,1,1,2,1,1,1,1,2,2,2,1,2,1,1,1,2,1,1,2,1,2,2,1,1,2,1,1,1,1,1,1,2,1,"Other","Conservation and environmental management","Southern Europe","Marine",1,0,0,1,0
"285",1,2,2,1,1,1,1,1,1,2,1,1,2,1,1,1,2,1,1,1,2,1,1,1,1,2,1,2,1,1,1,1,2,2,1,1,1,1,1,2,1,2,1,1,1,1,2,2,1,2,"Nongovernmental organization (NGO)","Conservation and environmental management","Other","Freshwater,Terrestrial",0,1,0,1,0
"286",1,2,2,1,2,2,2,1,1,2,2,2,2,2,2,1,2,1,2,2,2,2,2,1,1,1,2,1,2,2,2,1,1,2,1,2,1,2,1,1,2,2,1,1,1,1,1,1,1,1,"University","Academia, research and education","Western Europe","Marine,Coastal",1,0,1,1,0
"287",2,2,1,1,2,2,1,1,1,1,2,1,2,2,1,2,1,1,2,1,1,2,2,1,1,1,1,1,2,1,1,1,1,1,1,1,2,2,1,2,1,1,1,1,2,2,1,1,1,1,"Nongovernmental organization (NGO)","Academia, research and education","Western Asia","Marine,Coastal",1,0,1,1,1
"288",1,1,2,1,2,2,1,1,1,1,2,1,2,1,1,1,1,1,1,1,2,2,2,2,2,2,1,1,2,1,1,1,2,1,1,1,1,2,1,2,1,1,1,1,1,1,1,1,1,1,"Business and Industry","Conservation and environmental management","Southern Europe","Marine,Coastal,Freshwater",1,1,1,1,1
"289",1,2,1,1,2,1,1,1,1,1,2,1,2,1,2,2,1,2,1,1,1,1,1,1,1,2,1,1,1,1,1,2,1,1,2,1,2,2,1,2,1,1,1,1,1,2,1,1,1,2,"Nongovernmental organization (NGO)","Conservation and environmental management","Western Europe","Marine,Coastal,Freshwater",1,1,1,1,0
"290",2,1,1,2,1,1,2,1,1,2,2,1,2,1,1,2,1,1,1,1,2,1,2,2,2,1,2,2,1,2,1,2,1,2,1,2,1,2,2,1,1,1,1,1,2,1,2,1,1,1,"Other","Management and administration","Northern Europe","Marine,Coastal",1,0,1,1,1
"291",1,2,1,1,1,1,1,1,2,2,2,2,2,2,2,2,2,1,1,1,2,2,1,1,1,2,2,2,1,2,2,2,1,2,1,2,2,2,2,2,1,2,2,1,1,1,2,1,1,1,"Nongovernmental organization (NGO)","Law, policy and decision-making","Western Europe","Freshwater,Terrestrial",0,1,0,1,1
"292",1,2,1,1,1,1,1,1,1,2,1,2,2,1,1,1,2,1,1,1,2,2,1,1,1,2,1,1,1,2,2,1,1,1,1,2,1,1,1,1,1,2,2,1,1,2,1,1,2,1,"Nongovernmental organization (NGO)","Conservation and environmental management","Western Europe","Freshwater,Terrestrial",0,1,0,0,0
"293",1,2,2,1,1,1,1,1,1,2,2,1,2,1,2,2,2,1,2,1,1,1,2,1,2,1,1,1,2,1,1,1,1,1,1,2,1,2,1,2,1,2,2,1,2,2,1,1,2,1,"Other academic research institution","Academia, research and education","Southern Europe","Marine,Coastal",1,0,1,1,0
"294",2,2,1,2,1,2,1,1,2,1,1,1,2,1,2,2,2,1,1,1,2,1,1,1,1,1,1,1,2,1,1,1,1,1,1,1,2,2,1,2,1,2,2,1,2,1,2,2,1,2,"University","Data management","Northern Europe","Coastal,Freshwater,Terrestrial",0,1,1,1,1
"295",1,2,2,1,1,1,2,2,1,2,1,2,2,2,1,2,2,2,2,1,2,2,1,1,2,2,1,2,2,1,2,2,2,2,1,2,1,1,2,2,1,1,1,1,1,2,2,2,1,2,"Nongovernmental organization (NGO)","Conservation and environmental management","Other","Marine,Coastal,Terrestrial",1,0,1,1,0
"296",1,2,2,2,2,2,1,1,1,2,2,1,2,2,1,1,2,1,1,1,1,2,1,2,2,2,1,1,2,2,2,1,2,2,1,2,2,2,2,2,1,1,2,1,2,2,1,2,2,1,"University","Conservation and environmental management","Southern Europe","Marine,Coastal",1,0,1,1,1
"297",1,2,2,2,2,2,2,1,1,2,2,1,2,1,1,1,1,1,2,2,1,1,1,1,1,1,1,2,2,1,2,1,1,2,1,1,1,2,1,2,1,1,1,1,1,1,2,1,1,1,"University","Academia, research and education","Western Europe","Marine,Coastal",1,0,1,1,1
"298",1,2,1,1,1,1,1,1,1,2,1,1,1,2,1,1,1,1,1,1,2,2,1,1,1,1,1,1,1,2,1,1,1,1,1,2,2,2,2,1,1,1,2,1,1,1,1,1,1,1,"National governmental institution","Management and administration","Other","None of these",0,0,0,1,0
"299",2,2,2,1,1,1,1,1,1,1,2,1,2,1,1,1,1,1,1,1,2,1,1,1,2,1,1,1,2,1,1,1,1,1,1,1,2,1,1,2,1,1,2,1,1,1,2,2,2,2,"Nongovernmental organization (NGO)","Academia, research and education","Western Europe","Marine",1,0,0,1,1
"300",2,2,2,2,2,2,2,2,2,2,2,2,2,1,1,2,1,2,2,1,2,1,2,1,2,2,1,1,2,1,2,1,2,2,1,2,1,2,2,2,1,2,1,1,1,2,1,2,1,2,"University","Academia, research and education","Asia","Marine,Coastal",1,0,1,1,1
"301",1,2,2,2,1,1,1,1,1,2,1,1,2,1,2,1,1,1,1,1,1,1,1,1,1,2,1,2,2,1,1,2,2,1,1,1,1,1,1,1,2,2,1,1,1,1,1,1,1,1,"Other academic research institution","Academia, research and education","Western Europe","Freshwater,Terrestrial",0,1,0,1,1
"302",2,1,2,2,1,1,2,2,2,2,1,1,2,1,1,1,1,2,2,2,2,2,1,1,2,2,1,1,2,1,1,1,1,1,1,2,1,2,2,2,1,2,1,2,2,1,2,2,2,1,"Other academic research institution","Academia, research and education","Southern Europe","Marine,Coastal",1,0,1,1,0
"303",2,2,2,1,1,1,1,1,1,1,1,1,2,1,1,1,1,1,2,1,1,1,2,1,1,1,1,1,2,1,1,1,1,1,1,2,1,1,1,1,1,2,1,1,1,1,1,1,1,1,"University","Academia, research and education","Southern Europe","Marine",1,0,0,0,1
"304",2,2,2,1,2,2,2,2,2,2,2,2,2,1,1,2,1,1,2,2,1,2,1,1,1,2,1,1,2,2,1,1,1,1,1,2,1,1,2,2,1,2,2,1,1,1,1,2,1,1,"University","Academia, research and education","Southern Europe","Marine",1,0,0,1,1
"305",2,2,1,2,1,1,1,1,1,1,2,1,2,1,1,1,1,1,2,2,2,1,1,1,1,1,1,1,2,1,1,1,1,1,1,2,1,1,1,1,1,1,1,1,2,1,2,1,1,2,"Other academic research institution","Academia, research and education","Southern Europe","Marine",1,0,0,1,1
"306",1,2,2,2,1,1,1,1,2,1,1,1,2,1,1,1,1,1,1,1,1,1,2,1,1,2,1,1,2,2,2,1,1,1,1,1,2,2,1,2,1,1,1,2,1,1,1,2,1,1,"Other academic research institution","Academia, research and education","Southern Europe","Marine,Coastal,Freshwater,Terrestrial",1,1,1,0,1
"307",2,1,1,2,2,2,1,1,1,2,2,2,2,1,1,2,1,1,1,1,1,1,1,2,1,2,2,2,1,1,1,2,1,1,1,2,2,1,2,1,1,1,1,1,1,1,1,1,1,1,"Other","Conservation and environmental management","Asia","Marine",1,0,0,1,1
"308",1,2,2,2,1,2,1,1,2,2,2,1,2,1,1,1,2,1,2,1,2,2,1,1,1,1,1,1,2,1,1,1,1,2,1,2,1,2,1,2,1,2,2,1,1,1,2,2,2,2,"National governmental institution","Academia, research and education","Western Europe","Terrestrial",0,0,0,1,0
"309",1,2,2,2,1,1,1,1,2,2,2,1,2,1,1,1,1,1,1,1,1,1,1,1,2,2,1,1,2,1,2,1,1,1,1,1,1,1,1,1,2,1,1,1,1,1,1,1,1,1,"University","Academia, research and education","Western Europe","Terrestrial",0,0,0,1,1
"310",1,2,2,1,1,1,1,1,1,2,2,2,2,1,1,1,1,1,1,1,1,1,2,1,1,1,1,1,2,1,1,1,1,1,1,1,2,2,1,2,1,1,1,1,1,1,1,1,1,1,"National governmental institution","Academia, research and education","Western Europe","Marine",1,0,0,1,0
"311",2,2,1,2,1,2,1,1,2,1,1,1,2,2,1,1,2,1,1,1,1,2,1,2,1,2,1,1,2,2,1,1,2,1,1,1,2,2,1,1,1,1,1,1,1,1,2,2,1,2,"University","Conservation and environmental management","Southern Europe","Freshwater",0,1,0,0,1
"312",1,2,2,1,2,2,2,2,2,1,1,1,2,1,1,1,1,1,2,1,2,1,1,1,1,1,1,1,2,2,2,1,1,1,1,2,1,1,2,2,1,1,1,1,1,1,1,1,1,1,"University","Academia, research and education","Southern Europe","Marine",1,0,0,0,0
"313",1,2,1,1,2,2,2,2,1,2,1,1,2,1,1,1,1,1,2,2,1,1,1,1,2,1,1,1,2,1,2,1,2,2,1,2,2,2,2,2,1,1,1,1,1,1,1,1,2,2,"Other academic research institution","Academia, research and education","Western Europe","Marine,Coastal",1,0,1,0,0
"314",1,2,1,1,1,1,2,2,2,2,1,1,2,1,1,1,2,1,1,1,2,2,2,2,1,2,2,2,1,1,1,2,1,1,1,2,2,2,1,2,1,2,1,1,1,1,1,1,1,1,"Nongovernmental organization (NGO)","Law, policy and decision-making","Western Europe","Marine,Coastal",1,0,1,1,1
"315",1,2,1,2,1,1,1,2,2,1,1,1,2,1,1,2,1,1,1,1,2,1,1,1,1,1,1,1,1,2,2,1,1,1,1,2,1,1,1,2,1,1,1,1,1,1,1,1,1,1,"International organization","Data management","Western Europe","Marine,Coastal",1,0,1,1,1
"316",1,2,2,2,1,1,1,1,1,1,1,1,2,1,1,1,1,1,1,2,1,1,1,1,1,1,1,1,2,1,2,1,1,1,1,1,1,1,1,2,1,1,1,1,1,1,1,1,1,1,"University","Academia, research and education","Southern Europe","Marine,Coastal,Freshwater",1,1,1,1,0
"317",2,2,2,2,2,2,1,1,2,1,1,1,2,1,1,1,1,1,1,1,2,1,1,1,1,2,1,1,2,1,1,1,2,1,1,1,1,1,1,2,1,2,2,1,2,2,2,2,2,2,"University","Academia, research and education","Southern Europe","Marine,Coastal,None of these",1,0,1,0,1
"318",1,2,1,1,2,2,2,2,2,2,2,1,2,2,1,2,2,2,2,2,2,1,1,1,2,1,1,1,2,2,1,1,1,1,1,2,2,2,2,2,1,1,1,1,1,1,1,1,1,1,"Other academic research institution","Conservation and environmental management","Southern Europe","Marine,Coastal",1,0,1,0,1
"319",2,2,2,2,1,2,1,1,1,1,2,1,2,1,1,1,1,1,2,1,1,1,1,1,1,1,1,1,2,2,2,1,1,1,1,1,1,2,2,2,1,1,2,1,1,1,1,1,1,2,"Other academic research institution","Academia, research and education","Southern Europe","Coastal",0,0,1,1,1
"320",2,2,1,1,1,1,1,1,1,1,1,1,2,1,1,1,1,1,1,2,1,2,1,1,1,1,1,1,2,2,2,1,1,1,1,1,1,1,2,2,1,1,1,1,1,1,1,1,1,1,"Other academic research institution","Academia, research and education","Southern Europe","Marine",1,0,0,1,1
"321",1,1,1,2,2,2,2,1,1,1,1,2,2,2,1,2,1,1,2,2,1,2,2,1,1,1,2,2,2,2,2,2,1,2,1,2,2,2,2,1,1,2,1,1,2,1,2,1,1,1,"European Union and its agencies","Law, policy and decision-making","Western Europe","Marine,Coastal",1,0,1,0,1
"322",1,2,2,2,1,2,1,1,2,2,2,1,2,2,1,1,1,1,1,1,2,2,1,1,1,1,1,1,2,1,1,1,1,1,1,1,1,1,1,2,1,1,1,1,1,2,2,2,1,1,"University","Academia, research and education","Western Europe","Marine,Freshwater,Terrestrial",1,1,0,0,1
"323",1,1,2,1,1,1,1,1,1,1,1,1,2,1,1,2,1,1,1,2,1,1,1,1,1,1,1,1,2,2,1,1,1,1,1,2,1,1,2,1,1,2,2,1,2,2,1,2,1,2,"Other","Academia, research and education","Southern Europe","Marine",1,0,0,1,0
"324",2,2,1,2,1,2,1,1,1,2,2,1,1,1,1,1,2,1,1,1,1,1,1,1,1,1,1,1,2,1,1,1,1,2,1,2,2,1,1,1,1,2,2,1,1,2,1,2,2,2,"Other academic research institution","Academia, research and education","Southern Europe","Coastal,Terrestrial",0,0,1,1,1
"325",1,2,2,2,1,1,1,1,2,1,2,1,2,1,1,1,1,2,2,2,2,1,1,1,1,1,1,2,2,1,1,1,1,2,1,2,1,1,2,1,1,1,1,2,2,1,1,1,1,1,"National governmental institution","Academia, research and education","Southern Europe","Freshwater",0,1,0,1,1
"326",1,2,1,1,1,1,1,1,1,2,2,1,2,1,1,2,1,2,1,1,1,1,1,1,1,1,1,1,2,1,1,1,1,1,1,1,1,2,1,2,1,2,1,1,1,1,1,1,1,2,"National governmental institution","Academia, research and education","Southern Europe","Marine,Coastal,Freshwater",1,1,1,1,0
"327",1,2,2,2,2,2,1,2,2,1,1,1,2,1,1,2,2,1,2,1,1,1,1,1,1,1,1,1,2,1,2,1,1,1,1,2,1,2,2,1,1,1,2,1,1,1,2,2,2,2,"University","Academia, research and education","Latin America & Caribbean","Marine,Coastal",1,0,1,0,0
"328",1,2,2,1,1,1,1,1,1,1,2,1,2,1,1,1,1,1,1,1,2,2,1,2,1,1,1,1,2,2,2,1,1,1,1,2,2,1,2,2,1,1,2,1,2,2,1,2,2,2,"National governmental institution","Academia, research and education","Southern Europe","Marine,Coastal",1,0,1,1,0
"329",1,2,1,1,2,2,2,2,2,1,1,2,2,1,1,2,2,1,2,2,1,1,1,2,2,2,1,1,2,1,1,1,1,1,1,2,1,2,1,1,1,1,1,1,1,1,2,1,1,1,"Other academic research institution","Conservation and environmental management","Southern Europe","Marine,Coastal",1,0,1,1,0
"330",2,2,1,2,1,2,2,2,2,2,1,1,2,1,1,1,1,1,1,1,1,2,1,1,2,1,1,1,2,1,1,1,1,1,1,1,1,1,1,2,1,2,1,1,1,1,1,2,2,2,"Other academic research institution","Data management","Southern Europe","Marine,Coastal,Freshwater,Terrestrial",1,1,1,1,1
"331",2,2,2,1,1,2,1,1,1,2,2,1,2,1,1,1,1,1,2,1,1,1,1,1,2,2,1,1,2,2,1,1,1,1,1,2,1,2,2,1,1,2,1,2,2,1,2,1,1,1,"Other","Conservation and environmental management","Southern Europe","Marine,Coastal",1,0,1,1,1
"332",1,1,2,1,2,2,1,1,1,2,2,1,2,1,1,1,1,1,2,1,1,2,1,1,1,1,1,1,2,1,1,1,1,1,1,2,1,1,2,1,1,1,1,1,1,1,1,1,2,1,"Other","Academia, research and education","Western Europe","Marine",1,0,0,1,0
"333",1,2,2,2,2,2,1,1,2,1,1,1,2,1,1,1,1,1,1,1,2,1,1,1,2,1,1,1,2,2,1,1,1,2,1,2,2,2,2,1,1,1,1,1,1,1,1,1,1,2,"Other academic research institution","Academia, research and education","Southern Europe","Marine,Coastal",1,0,1,1,0
"334",1,2,2,2,2,2,2,2,2,2,1,1,2,1,1,1,1,1,2,1,2,1,2,1,2,2,1,1,2,2,1,1,1,1,1,2,2,1,1,1,1,1,1,1,1,1,1,1,1,2,"Other academic research institution","Academia, research and education","Southern Europe","Marine",1,0,0,0,1
"335",2,1,1,2,1,1,1,1,1,1,1,1,2,2,1,1,2,1,1,1,1,2,1,1,1,2,1,2,1,1,1,2,2,1,2,2,1,1,1,2,1,2,2,2,1,2,2,1,1,1,"Nongovernmental organization (NGO)","Data management","Western Europe","Marine",1,0,0,1,0
"336",2,2,2,1,1,2,1,2,1,2,2,1,2,2,1,2,2,1,1,1,1,1,1,2,2,2,1,1,2,1,2,1,2,1,1,2,1,1,2,2,1,2,2,1,2,1,2,1,2,2,"University","Conservation and environmental management","Asia","Marine",1,0,0,1,1
"337",2,2,2,1,2,2,1,1,1,2,2,1,2,1,2,1,2,1,2,2,2,2,1,1,1,1,1,1,2,2,2,1,1,1,1,2,1,2,1,2,1,2,2,1,1,1,1,1,2,1,"University","Academia, research and education","Northern America","Marine",1,0,0,1,1
"338",1,2,1,1,1,1,1,1,1,1,1,1,2,2,1,1,1,1,1,1,1,2,1,1,1,2,2,2,1,2,1,2,1,1,1,2,2,1,2,1,1,2,2,1,1,1,2,1,2,2,"Other","Law, policy and decision-making","Southern Europe","Marine,Freshwater,Terrestrial",1,1,0,0,0
"339",1,2,2,1,1,1,1,1,1,2,2,1,2,2,1,1,1,2,2,1,1,2,2,1,1,2,1,1,2,1,1,1,2,1,1,2,2,1,1,2,1,2,2,1,2,1,2,2,1,2,"University","Conservation and environmental management","Western Europe","Marine,Coastal",1,0,1,1,1
"340",1,1,2,1,1,1,1,1,1,2,2,1,2,1,1,1,1,1,2,1,1,1,1,1,1,1,1,1,2,2,2,1,1,2,1,2,2,1,1,2,1,1,1,2,2,2,2,2,2,1,"Other academic research institution","Academia, research and education","Southern Europe","Marine",1,0,0,1,0
"341",1,2,2,2,1,1,1,1,2,2,2,2,2,2,1,2,1,1,1,1,1,1,2,1,2,2,1,1,2,2,2,1,2,2,1,1,2,2,1,1,1,1,1,2,2,1,2,1,1,1,"Nongovernmental organization (NGO)","Conservation and environmental management","Southern Europe","Freshwater",0,1,0,1,1
"342",2,2,2,1,1,1,1,1,2,1,2,1,1,1,1,1,1,1,1,1,1,1,2,1,1,1,1,1,2,1,1,1,1,1,1,1,1,1,1,2,1,1,1,2,1,1,2,2,2,1,"University","Academia, research and education","Northern Europe","Marine,Coastal",1,0,1,1,1
"343",1,2,1,1,2,2,1,1,1,2,2,1,2,2,1,2,2,1,2,1,1,1,1,1,2,2,1,2,1,2,1,1,2,2,1,2,1,1,2,1,1,2,1,1,1,1,2,2,2,1,"Nongovernmental organization (NGO)","Law, policy and decision-making","Southern Europe","Marine,Coastal",1,0,1,0,0
"344",1,2,2,1,1,1,1,1,1,2,2,1,2,1,1,1,1,1,1,2,1,1,1,1,2,1,1,1,2,1,1,1,1,2,1,1,1,2,1,2,1,1,1,2,2,2,1,1,1,1,"National governmental institution","Academia, research and education","Southern Europe","Freshwater",0,1,0,1,0
"345",1,2,1,1,2,2,1,1,1,2,2,1,2,2,1,2,1,2,1,1,2,1,1,1,1,2,2,2,1,2,1,1,2,2,1,1,2,2,2,1,1,2,1,1,2,1,1,1,1,1,"Nongovernmental organization (NGO)","Conservation and environmental management","Southern Europe","Marine,Coastal",1,0,1,1,1
"346",2,2,1,1,1,1,1,1,2,2,2,1,2,1,1,1,1,1,1,1,1,1,1,1,1,2,1,1,2,1,2,1,1,1,1,1,1,1,1,2,1,1,1,1,1,1,2,1,1,1,"University","Academia, research and education","Southern Europe","Marine,Terrestrial",1,0,0,1,0
"347",1,2,2,2,2,2,2,1,1,2,2,1,2,2,1,2,2,2,2,2,2,2,1,2,2,2,2,2,1,1,1,2,2,2,1,1,2,2,1,2,1,1,1,2,2,2,2,1,2,2,"Other","Conservation and environmental management","Western Europe","Marine,Coastal",1,0,1,1,0
"348",1,2,1,2,2,2,1,2,2,2,2,1,2,1,1,2,2,1,2,2,2,1,2,1,1,2,2,2,1,1,1,1,2,2,1,1,1,2,1,2,1,2,1,1,2,1,1,1,2,2,"National governmental institution","Conservation and environmental management","Western Europe","Marine,Coastal",1,0,1,1,0
"349",1,2,2,1,1,1,1,1,1,2,2,1,2,2,1,2,1,1,1,1,1,1,2,1,1,2,1,2,2,1,1,1,2,2,1,1,1,1,1,2,1,1,1,2,1,1,1,1,1,2,"National governmental institution","Data management","Western Europe","Marine,Coastal",1,0,1,1,1
"350",1,1,2,2,1,1,1,1,1,1,1,2,2,1,1,1,1,2,2,2,1,1,1,1,1,1,1,1,2,1,1,1,1,1,1,2,1,2,1,1,1,2,1,1,1,1,2,2,2,1,"University","Academia, research and education","Northern Europe","Marine,Coastal",1,0,1,1,1
"351",1,2,2,1,1,1,1,1,2,2,1,1,2,1,1,1,1,2,2,2,2,1,1,1,1,1,1,1,2,1,2,1,1,1,1,2,1,2,2,2,1,2,1,1,2,1,2,2,1,1,"University","Academia, research and education","Western Europe","Freshwater",0,1,0,1,0
"352",1,2,1,2,1,1,1,1,1,1,2,1,2,1,1,1,2,1,1,1,2,1,2,1,1,1,1,1,2,1,1,1,1,2,1,2,1,2,2,2,1,1,1,1,1,1,1,2,1,1,"National governmental institution","Conservation and environmental management","Western Europe","Terrestrial",0,0,0,0,1
"353",1,2,1,1,1,1,1,1,1,2,1,1,2,2,1,2,2,1,1,1,1,1,1,1,1,2,2,1,1,1,1,1,1,1,1,2,2,2,1,1,1,2,2,2,1,2,2,1,1,2,"Nongovernmental organization (NGO)","Conservation and environmental management","Southern Europe","Marine,Coastal",1,0,1,1,0
"354",1,2,1,2,1,2,1,2,2,2,2,1,2,2,1,1,2,1,2,1,2,2,2,2,1,2,2,2,2,2,2,2,1,2,1,2,1,1,2,2,1,1,1,2,1,1,2,1,2,1,"International organization","Conservation and environmental management","Northern Europe","Marine,Coastal,Freshwater,Terrestrial",1,1,1,1,0
"355",2,2,2,2,1,1,1,1,1,2,2,1,2,1,2,2,1,2,2,1,1,2,2,1,2,1,1,1,2,1,2,1,2,1,1,1,1,2,1,1,1,2,1,1,1,1,1,1,1,2,"Nongovernmental organization (NGO)","Conservation and environmental management","Other","Marine,Coastal",1,0,1,1,0
"356",1,2,2,2,1,1,1,1,2,2,2,2,2,1,1,2,1,1,1,1,1,1,2,1,1,1,1,1,2,2,2,1,2,1,1,2,1,1,2,2,1,1,1,1,2,2,1,1,1,1,"Other","Other","Western Europe","Freshwater,Terrestrial",0,1,0,1,1
"357",1,2,1,1,1,1,1,1,1,2,2,1,2,2,1,1,1,2,1,1,1,1,1,1,1,1,2,1,2,1,1,1,1,1,1,2,2,2,1,1,1,2,1,1,2,1,1,1,2,2,"University","Academia, research and education","Western Europe","Terrestrial",0,0,0,0,1
"358",1,2,2,1,1,1,1,1,1,1,2,1,2,1,1,1,1,1,1,1,1,1,1,1,1,1,1,1,2,2,2,1,1,1,1,1,1,1,1,1,2,1,1,2,1,1,2,2,1,2,"Other academic research institution","Academia, research and education","Western Europe","Freshwater,Terrestrial",0,1,0,1,0
"359",1,2,2,1,1,1,1,1,2,2,2,1,2,1,2,1,2,1,1,1,1,1,1,1,1,1,1,1,2,2,2,1,1,2,1,2,1,1,1,1,2,1,1,2,1,1,2,2,1,1,"University","Academia, research and education","Western Europe","Terrestrial",0,0,0,0,1
"360",1,2,1,2,2,2,2,2,1,2,2,2,2,2,2,2,2,2,2,2,2,2,2,2,1,2,2,2,1,2,1,2,2,2,1,2,2,2,1,1,1,1,1,1,2,1,2,1,2,1,"International organization","Law, policy and decision-making","Northern Europe","Marine,Coastal",1,0,1,1,1
"361",1,2,2,2,1,2,1,1,1,2,2,2,2,2,2,2,2,1,2,2,2,2,2,1,1,1,1,2,2,2,2,2,1,1,1,2,1,2,1,1,1,1,1,1,1,1,2,1,1,1,"Local or regional governmental institution","Other","Western Europe","Freshwater,Terrestrial",0,1,0,1,0
"362",2,2,2,2,1,2,1,1,1,2,2,2,2,1,1,1,2,1,2,1,1,1,2,1,1,2,1,1,2,2,1,1,2,2,1,2,2,2,1,1,1,2,2,1,1,2,2,1,1,1,"National governmental institution","Data management","Western Europe","Terrestrial",0,0,0,1,1
"363",2,2,1,1,2,2,2,1,1,2,2,2,2,1,1,2,2,1,2,2,2,1,1,1,1,1,1,1,2,1,1,1,1,1,1,2,2,2,2,1,1,2,2,2,2,2,2,2,2,2,"Other academic research institution","Academia, research and education","Southern Europe","Marine,Coastal,Freshwater",1,1,1,1,1
"364",1,1,2,1,1,1,1,1,1,2,2,1,1,1,2,1,1,1,1,1,1,2,1,1,1,1,1,1,2,1,1,1,1,2,1,2,1,1,1,1,1,1,2,1,1,1,1,1,1,1,"Business and Industry","Other","Western Europe","Terrestrial",0,0,0,0,0
"365",2,2,2,1,1,1,1,1,2,1,1,1,2,1,1,1,1,1,1,1,2,1,1,1,1,1,1,1,2,1,1,1,1,1,1,2,1,2,2,1,1,1,1,1,2,1,2,1,1,2,"Other academic research institution","Academia, research and education","Southern Europe","Terrestrial",0,0,0,1,0
"366",1,2,2,2,1,1,1,1,1,2,2,1,2,1,1,1,1,1,1,2,2,1,1,1,2,1,1,1,2,2,2,1,1,1,1,1,1,2,1,1,1,2,2,2,1,1,2,1,2,1,"University","Academia, research and education","Northern Europe","Coastal",0,0,1,1,0
"367",1,2,1,1,2,2,1,1,1,2,2,1,2,1,1,2,2,1,1,1,1,2,1,1,1,2,1,1,1,1,1,1,2,1,1,2,1,2,1,2,1,1,1,1,1,1,1,1,1,1,"Nongovernmental organization (NGO)","Conservation and environmental management","Northern Europe","Marine,Coastal",1,0,1,1,0
"368",1,2,2,2,1,2,1,1,2,2,1,1,2,1,2,1,1,1,1,1,1,1,2,1,1,1,1,1,2,1,1,1,1,1,1,2,1,2,2,1,1,1,1,1,1,1,1,1,1,1,"University","Academia, research and education","Western Europe","Terrestrial",0,0,0,0,1
"369",1,2,2,1,1,1,1,1,2,1,2,1,2,1,1,1,1,1,1,1,2,1,1,1,1,1,1,1,2,1,1,1,1,1,1,2,1,2,2,1,1,2,1,1,2,1,2,1,2,2,"University","Academia, research and education","Western Europe","Freshwater",0,1,0,1,1
"370",1,2,2,2,1,1,1,1,2,1,2,2,2,1,1,1,1,1,2,2,1,1,2,1,1,2,1,1,2,2,1,1,1,2,1,2,1,1,1,2,1,1,1,1,1,1,2,1,1,1,"Other academic research institution","Academia, research and education","Southern Europe","Terrestrial",0,0,0,0,1
"371",1,2,2,2,1,1,1,1,2,2,2,1,2,1,1,1,1,1,1,1,2,2,2,1,1,2,1,1,2,2,2,1,2,2,1,2,2,2,1,1,1,2,2,2,2,2,2,2,2,2,"Other academic research institution","Academia, research and education","Northern Europe","Marine",1,0,0,1,0
"372",1,1,2,1,1,1,1,1,2,2,2,1,2,1,1,1,2,1,1,1,2,2,2,2,2,2,1,2,2,2,1,2,2,1,1,1,1,1,1,2,1,2,2,2,2,2,2,2,2,2,"Nongovernmental organization (NGO)","Conservation and environmental management","Western Europe","Marine,Coastal,Freshwater,Terrestrial",1,1,1,1,0
"373",1,2,1,1,1,1,2,1,1,2,2,1,2,2,1,2,1,2,2,2,1,2,2,2,2,2,1,1,1,1,1,1,2,1,1,2,1,2,1,2,1,1,1,1,2,2,1,1,1,2,"National governmental institution","Conservation and environmental management","Eastern Europe","Marine",1,0,0,1,0
"374",1,2,1,1,1,2,1,1,1,1,2,1,2,2,1,1,1,2,1,1,1,1,1,2,2,1,1,2,1,1,1,1,1,2,1,2,2,2,1,1,1,2,2,1,1,1,1,1,2,1,"Nongovernmental organization (NGO)","Other","Africa","Marine,Coastal,Freshwater,Terrestrial",1,1,1,1,1
"375",1,2,2,2,1,2,1,1,1,1,1,1,2,1,2,1,2,1,2,2,2,1,2,2,1,1,1,2,2,2,2,2,2,2,1,2,1,1,1,2,1,1,1,1,1,2,2,1,1,2,"Other","Academia, research and education","Western Europe","Freshwater,Terrestrial",0,1,0,1,0
"376",1,2,2,2,1,2,1,1,1,2,2,1,2,1,2,1,2,1,2,1,2,1,1,2,1,1,1,2,2,2,2,1,1,2,1,2,2,2,2,1,1,1,1,2,2,1,1,1,1,1,"Nongovernmental organization (NGO)","Academia, research and education","Southern Europe","Terrestrial",0,0,0,1,1
"377",1,1,2,1,1,1,1,1,2,1,1,1,2,2,1,1,1,2,2,1,1,1,1,1,1,2,1,1,2,1,2,1,2,1,1,1,1,1,1,2,1,1,1,1,1,1,1,1,1,1,"University","Academia, research and education","Southern Europe","Marine",1,0,0,1,1
"378",1,2,2,2,1,1,1,1,2,1,1,1,2,1,2,1,1,1,1,1,1,2,1,1,1,1,1,1,2,2,2,1,1,1,1,2,1,1,1,1,1,1,2,1,1,1,2,1,1,1,"Other","Academia, research and education","Western Europe","Terrestrial",0,0,0,1,0
"379",1,2,2,2,1,1,1,1,2,2,2,1,2,1,1,1,1,1,1,1,1,1,2,1,1,2,1,1,2,1,1,1,1,1,1,1,2,2,1,2,1,2,2,2,1,1,2,2,1,2,"Other academic research institution","Academia, research and education","Western Europe","Terrestrial",0,0,0,1,1
"380",2,2,2,2,1,1,1,1,2,2,2,1,2,1,1,1,2,1,1,1,2,2,2,2,2,2,2,2,2,2,1,2,2,2,1,2,1,2,2,2,1,2,1,1,2,2,1,1,1,1,"Business and Industry","Other","Western Europe","Terrestrial",0,0,0,1,1
"381",1,2,1,1,1,1,1,1,1,1,1,1,1,2,1,1,1,1,1,1,1,1,1,1,1,1,1,1,2,2,2,1,1,1,1,1,1,1,1,1,2,1,1,2,2,2,1,2,1,2,"University","Academia, research and education","Western Europe","Freshwater",0,1,0,0,0
"382",2,2,1,1,1,2,1,1,2,1,2,1,2,1,1,1,2,1,1,1,2,1,2,1,1,1,1,1,2,1,1,1,1,1,1,1,2,2,1,1,1,1,1,1,1,1,2,1,1,1,"University","Academia, research and education","Southern Europe","Coastal,Terrestrial",0,0,1,1,1
"383",1,2,2,2,1,2,1,1,1,2,1,1,2,1,2,1,1,1,2,1,2,2,1,1,1,1,2,2,2,1,2,1,1,1,1,1,1,2,1,1,1,1,1,1,1,1,1,1,1,1,"Other","Academia, research and education","Northern Europe","Terrestrial",0,0,0,1,1
"384",1,1,1,2,1,1,1,1,1,1,1,1,2,1,1,1,1,1,1,1,1,1,2,1,1,1,1,1,1,2,1,1,1,1,1,1,1,1,1,2,1,1,2,1,1,1,1,2,2,2,"Local or regional governmental institution","Conservation and environmental management","Southern Europe","Terrestrial",0,0,0,1,0
"385",1,2,2,1,1,1,1,1,2,2,2,1,2,1,2,1,1,1,1,1,2,2,2,1,1,2,1,1,2,1,2,1,2,1,1,1,1,1,1,2,1,1,1,2,1,2,2,2,2,2,"University","Academia, research and education","Southern Europe","Freshwater,Terrestrial",0,1,0,1,0
"386",1,2,2,1,1,1,1,1,1,2,1,1,2,1,1,1,2,1,2,1,2,1,2,1,1,1,1,1,2,1,1,1,1,1,1,1,2,2,1,2,1,1,1,1,1,1,2,2,1,1,"University","Academia, research and education","Southern Europe","Terrestrial",0,0,0,0,1
"387",2,2,2,2,1,2,1,1,2,2,2,1,2,2,2,2,2,2,2,2,2,2,1,1,1,2,1,2,2,2,1,1,2,2,1,2,2,2,2,2,1,2,2,1,2,1,2,2,2,2,"University","Academia, research and education","Other","Coastal,Freshwater,Terrestrial",0,1,1,1,0
"388",1,2,2,1,1,1,1,1,1,1,1,1,2,1,2,1,2,1,1,1,1,2,1,1,1,1,1,1,2,1,1,1,1,1,1,2,1,1,1,1,1,1,2,2,2,1,1,1,1,2,"National governmental institution","Academia, research and education","Western Europe","Terrestrial",0,0,0,1,1
"389",2,2,2,1,1,1,1,1,1,1,1,1,2,1,1,1,1,2,2,1,2,1,1,1,1,1,1,1,2,1,1,1,1,2,1,1,1,1,2,2,1,1,2,2,2,1,1,2,2,2,"National governmental institution","Academia, research and education","Western Europe","Freshwater,Terrestrial",0,1,0,0,1
"390",1,2,2,1,2,2,1,1,1,2,2,2,2,1,1,1,1,1,1,2,1,2,1,1,2,1,1,1,2,1,1,1,1,1,1,1,1,1,1,2,1,1,1,1,1,1,1,2,2,1,"National governmental institution","Academia, research and education","Western Europe","Marine",1,0,0,1,0
"391",1,2,2,2,1,1,1,1,1,2,2,1,2,1,1,1,1,1,2,1,2,2,1,1,1,1,1,1,2,1,1,1,1,1,1,1,2,2,1,1,1,1,1,1,1,1,1,1,1,1,"National governmental institution","Conservation and environmental management","Western Europe","Terrestrial",0,0,0,1,1
"392",1,2,1,1,2,2,1,1,2,2,2,1,2,2,1,2,1,1,1,1,1,1,2,1,1,2,2,1,1,1,1,1,1,1,1,2,2,2,2,2,1,1,1,1,1,2,1,1,1,1,"Nongovernmental organization (NGO)","Conservation and environmental management","Southern Europe","Marine",1,0,0,1,1
"393",1,2,2,2,1,2,1,1,2,1,2,1,2,1,1,1,1,1,1,1,2,2,2,1,2,2,1,2,2,1,2,1,1,2,1,2,1,2,1,2,1,2,1,1,1,1,2,1,1,1,"National governmental institution","Academia, research and education","Other","Terrestrial",0,0,0,1,0
"394",1,2,2,2,1,1,1,1,2,2,2,1,2,2,1,2,2,1,1,1,2,2,2,1,2,2,2,2,2,2,2,2,1,2,1,2,2,2,2,1,1,1,1,1,1,1,1,1,1,1,"Other academic research institution","Conservation and environmental management","Western Europe","Marine,Coastal,Freshwater",1,1,1,1,0
"395",1,2,2,2,1,1,2,1,1,2,2,2,2,1,1,2,2,1,1,1,2,1,2,2,1,2,1,2,1,1,1,2,1,1,1,2,2,2,2,2,1,1,2,1,1,1,1,1,1,1,"National governmental institution","Conservation and environmental management","Northern Europe","Marine,Coastal",1,0,1,1,1
"396",1,1,2,1,1,1,2,1,1,2,2,1,2,1,1,2,1,1,1,1,1,1,2,1,1,2,1,1,2,1,1,2,1,1,1,2,1,2,2,2,1,2,1,1,2,1,1,1,1,1,"Business and Industry","Other","Southern Europe","Marine,Coastal",1,0,1,0,0
"397",2,2,2,2,1,1,1,1,1,2,2,1,2,2,2,1,2,1,1,1,2,2,1,1,2,2,1,1,2,2,2,1,1,2,1,2,2,2,2,2,1,1,1,1,1,1,2,1,1,1,"Business and Industry","Academia, research and education","Western Europe","Terrestrial",0,0,0,1,1
"398",1,2,2,2,1,1,1,1,1,1,2,1,2,2,1,1,1,1,1,1,2,1,2,1,2,2,1,1,2,1,1,2,1,2,1,1,2,2,2,1,1,1,1,2,2,1,1,2,2,1,"Other academic research institution","Conservation and environmental management","Western Europe","Freshwater,Terrestrial",0,1,0,1,1
"399",2,1,2,2,1,2,1,1,2,2,2,1,2,2,1,1,1,1,2,1,1,1,1,1,1,1,1,1,2,2,1,2,1,2,1,2,2,2,1,2,1,1,2,2,2,1,2,1,2,2,"University","Data management","Southern Europe","Freshwater,Terrestrial",0,1,0,1,1
"400",2,2,2,1,2,2,1,1,1,2,2,1,2,1,1,1,1,2,2,2,1,1,1,1,1,1,1,1,2,1,2,1,1,2,1,1,2,2,1,1,1,1,1,1,1,1,1,2,1,1,"University","Academia, research and education","Western Europe","Coastal",0,0,1,1,1
"401",2,2,2,2,2,2,1,2,2,2,2,1,2,1,1,2,1,2,1,2,1,1,2,1,2,2,1,1,2,2,2,1,1,1,1,2,1,2,2,1,1,1,1,2,2,1,1,1,1,1,"University","Academia, research and education","Asia","Marine,Coastal,Freshwater",1,1,1,0,1
"402",1,2,1,1,1,1,1,1,2,2,1,1,2,2,1,1,1,1,1,1,2,1,2,1,2,2,1,1,2,2,2,1,1,1,1,1,2,1,1,2,1,1,1,1,1,1,1,1,1,1,"University","Academia, research and education","Western Europe","Marine,Coastal,Freshwater,Terrestrial",1,1,1,0,0
"403",1,2,1,2,1,1,1,1,1,2,2,2,2,2,2,2,2,2,2,2,2,2,2,1,1,2,2,2,1,2,1,2,2,1,1,2,1,1,2,1,1,2,2,2,2,1,2,2,2,2,"Nongovernmental organization (NGO)","Management and administration","Western Europe","Freshwater,Terrestrial",0,1,0,0,0
"404",1,2,1,1,1,1,1,1,1,2,1,1,2,2,1,1,1,1,2,1,1,2,1,1,1,1,1,1,2,1,2,1,1,1,1,1,1,1,1,1,2,1,2,1,1,1,1,1,1,1,"University","Academia, research and education","Western Europe","Marine,Coastal,Freshwater,Terrestrial",1,1,1,0,0
"405",1,2,1,1,1,1,1,1,1,2,2,1,2,2,1,1,2,1,2,2,1,2,2,1,2,1,2,1,1,2,2,1,1,1,1,2,1,1,2,2,1,2,2,1,2,2,2,2,1,1,"International organization","Public engagement","Other","Freshwater",0,1,0,1,0
"406",1,2,1,1,1,1,2,1,1,2,2,2,2,2,2,2,1,2,1,1,1,2,2,1,2,1,1,1,1,1,1,2,1,1,1,2,1,2,1,2,1,1,2,1,1,1,1,1,1,1,"Business and Industry","Conservation and environmental management","Western Europe","Marine,Coastal,Freshwater",1,1,1,1,1
"407",1,2,1,2,1,1,1,1,2,2,1,1,2,1,1,1,1,1,1,1,1,2,2,1,1,2,1,1,2,2,2,1,2,1,1,1,1,2,1,2,1,2,2,2,2,1,2,2,2,2,"National governmental institution","Academia, research and education","Latin America & Caribbean","Marine,Coastal",1,0,1,1,0
"408",1,1,2,2,2,2,1,1,1,2,2,1,2,2,2,2,1,1,2,1,2,2,1,1,2,2,2,1,2,1,1,1,1,1,1,1,1,1,1,2,1,2,1,1,1,2,2,1,2,1,"Business and Industry","Conservation and environmental management","Northern Europe","Marine,Coastal,Terrestrial",1,0,1,1,0
"409",1,2,2,1,1,1,1,1,1,2,1,2,2,1,1,1,2,1,1,1,2,1,2,2,2,2,2,1,1,1,1,1,1,1,1,2,1,1,1,1,1,1,1,1,1,1,1,1,1,1,"Other","Conservation and environmental management","Western Europe","Terrestrial",0,0,0,0,1
"410",1,2,1,1,1,1,1,1,1,2,2,2,2,2,1,1,1,2,1,1,1,2,1,2,2,1,2,2,1,1,1,2,1,1,1,2,2,1,2,2,1,2,1,1,1,1,2,2,2,1,"Local or regional governmental institution","Law, policy and decision-making","Western Europe","Terrestrial",0,0,0,1,0
"411",1,2,2,2,1,1,2,2,1,1,1,1,2,1,1,1,1,2,1,2,1,1,2,2,2,1,2,1,2,1,1,1,2,2,1,2,2,2,2,2,1,1,1,1,1,1,1,1,1,1,"Other academic research institution","Academia, research and education","Other","Marine,Coastal,Freshwater",1,1,1,1,1
"412",1,2,1,1,1,1,2,1,1,1,1,1,2,2,1,2,1,1,1,1,1,1,1,2,2,2,2,2,1,1,1,1,2,2,1,2,2,1,1,1,1,1,1,1,1,1,1,1,1,1,"Nongovernmental organization (NGO)","Law, policy and decision-making","Western Europe","Marine,Coastal",1,0,1,1,0
"413",1,2,1,1,2,2,1,1,1,2,2,2,2,2,1,2,2,2,2,2,2,2,2,2,2,2,2,1,2,1,2,1,2,2,2,2,1,1,2,2,1,1,1,1,1,1,1,1,1,1,"University","Academia, research and education","Other","Marine,Coastal,Freshwater",1,1,1,1,0
"414",1,2,1,1,2,2,1,1,1,2,2,2,2,1,1,1,2,2,2,2,2,2,2,1,2,1,1,1,2,1,2,1,1,1,1,2,1,1,2,2,1,2,1,1,1,1,2,1,1,1,"University","Academia, research and education","Other","Marine,Coastal",1,0,1,1,0
"415",1,2,1,1,2,2,1,1,1,2,2,1,1,1,1,1,2,2,2,2,2,2,1,1,1,1,1,1,2,1,2,1,1,1,1,2,1,1,2,1,1,1,1,1,1,1,2,1,1,1,"University","Academia, research and education","Other","Marine",1,0,0,1,0
"416",1,2,1,1,1,1,1,1,1,2,1,1,2,1,1,1,1,2,1,1,1,2,1,1,2,1,1,2,1,1,1,1,2,1,1,2,1,1,1,1,1,1,1,1,1,1,1,1,1,1,"Other","Law, policy and decision-making","Western Europe","Freshwater,Terrestrial",0,1,0,1,0
"417",1,2,1,1,1,1,1,1,1,2,1,1,2,2,1,2,1,1,2,1,1,1,2,1,1,1,2,1,1,2,1,1,1,2,1,2,1,2,1,1,1,2,2,2,2,2,2,2,2,2,"Local association","Law, policy and decision-making","Southern Europe","Marine,Coastal,Freshwater",1,1,1,1,0
"418",1,2,1,1,1,1,2,1,1,1,1,1,2,2,1,2,1,1,1,1,1,1,1,1,2,1,2,2,1,2,1,2,1,1,2,2,1,1,2,1,1,2,1,1,2,1,1,1,1,1,"Business and Industry","Law, policy and decision-making","Western Europe","Marine,Coastal,Freshwater",1,1,1,1,0
"419",1,2,2,2,1,1,1,1,2,2,2,2,2,1,1,1,2,2,1,1,2,2,1,2,1,1,2,1,2,2,2,1,1,1,1,1,1,1,2,2,1,2,2,2,2,1,1,2,1,1,"University","Academia, research and education","Western Europe","Terrestrial",0,0,0,1,0
"420",1,2,2,2,1,2,1,1,1,2,2,2,2,1,1,1,2,1,2,1,1,1,2,1,1,1,1,2,1,1,1,1,1,2,1,2,1,1,1,2,1,1,1,1,1,1,1,1,1,2,"Other","Conservation and environmental management","Western Europe","Terrestrial",0,0,0,1,1
